scenario,seed,variable,distribution,resolution_role,lag_basis_type,lag_basis_count,amplitude_basis_count,selected_lag_smoothing,selected_amplitude_smoothing,validation_contribution_mse,validation_contribution_r2,test_contribution_mse,test_contribution_r2,empirical_operator_nrmse,core_surface_nrmse,fit_surface_nrmse,e1b_projection_core_nrmse,estimator_to_projection_core_nrmse,kkt_relative_residual,design_condition_number,effective_rank,truth_rank_class,estimated_sigma1,estimated_sigma2,rank1_validation_mse,rank2_validation_mse,rank2_reducible_gap_capture,candidate_count,seed_gate_pass
AR-S1,0,0,SPACE,MOTHER,discrete_identity,64,28,0.0,0.0,4.632618961482437e-12,0.9999999950496318,3.759462837301992e-12,0.9999999959719419,7.035885282736173e-05,0.04510085879475371,0.6244652796584418,5.461320091568112e-05,nan,2.9611186527796087e-15,59891.54312850836,33.25034395696773,rank1,0.02684759388813877,0.0001806041081034078,8.941458301043449e-07,2.943263147141786e-07,0.670833104522031,25,True
AR-S1,0,1,SPACE,MOTHER,discrete_identity,64,28,0.0,0.0,1.1472398934963397e-11,0.999999999481958,9.924877701620773e-12,0.9999999995508474,2.276053711391077e-05,0.013538934645621462,0.8867747620936631,1.527277938930946e-13,nan,1.3936022565303805e-15,146089.70484347397,30.517805712831848,rank1,0.02688425986144234,0.00026017931807342673,1.0417143488123708e-07,6.335122674670124e-08,0.39189922079197775,25,True
AR-S1,0,2,SPACE,MOTHER,discrete_identity,64,28,0.0,0.0,6.143978503219784e-13,0.9999999984895902,5.91940903972456e-13,0.9999999985346218,3.8863990479608166e-05,0.0072813418468309875,0.5847710474522498,8.636764816562754e-05,nan,4.5343703356630694e-15,995056.8153113334,32.41463096285045,rank1,0.018745634078817856,8.808324596718603e-05,1.8235322688518994e-08,2.0769698206019334e-08,-0.13898634829257273,25,True
AR-S1,1,0,SPACE,MOTHER,discrete_identity,64,28,0.0,0.0,3.0992628800750947e-12,0.9999999984219692,3.3427990833063645e-12,0.999999998300753,3.972443549848086e-05,0.018916392098065542,0.6773553253048755,7.382851645049534e-05,nan,2.457768608665757e-15,763241.819507511,30.885132191017934,rank1,0.027459664742027132,0.0001279869765810972,1.2460025016115056e-07,5.9247399586315484e-08,0.5245132019767735,25,True
AR-S1,1,1,SPACE,MOTHER,discrete_identity,64,28,0.0,0.0,5.053028709144394e-13,0.9999999998799961,6.145381640950822e-13,0.9999999998540391,1.0954629377477291e-05,0.006912922209934823,0.8845349751515718,2.2625092730199423e-14,nan,1.76350848383374e-15,114320.89386939735,31.593013343828883,rank1,0.025808462954906148,0.00014421827360007347,9.360330740794029e-09,6.423679750581482e-08,-5.862979724245533,25,True
AR-S1,1,2,SPACE,MOTHER,discrete_identity,64,28,0.0,0.0,9.77416642450869e-13,0.9999999996970735,1.026890537997113e-12,0.9999999996818156,1.740478238265041e-05,0.02744183758351229,0.5652047754140045,5.5536647809756065e-05,nan,2.0569435880516504e-15,124260.30325699644,36.364770634845044,rank1,0.01830524890523105,0.00019233889895805994,2.2538022285805322e-07,1.6579922738490682e-07,0.2643588381727677,25,True
AR-S1,2,0,SPACE,MOTHER,discrete_identity,64,28,0.0,0.0,1.9889033360518318e-12,0.9999999979883731,1.8909838545289054e-12,0.9999999980852831,4.485116353661076e-05,0.0049923039494590565,0.6463107188612376,6.076079896537883e-05,nan,2.7783646679309058e-15,351773.02396933496,33.18560970246333,rank1,0.027940965515649733,7.663699787622486e-05,1.8269881997838848e-08,1.9232028657493326e-08,-0.052668726200505805,25,True
AR-S1,2,1,SPACE,MOTHER,discrete_identity,64,28,0.0,0.0,5.898497285624548e-13,0.9999999999757835,5.648883570613505e-13,0.999999999976862,4.921031118594952e-06,0.005851693604445669,0.8736540501252573,2.75133205298241e-12,nan,1.4074367806258874e-15,28077.408357764096,35.65672394177898,rank1,0.027734550051847714,4.5653182812706736e-05,1.4086782843374331e-08,2.4356142628363192e-08,-0.7290372771139322,25,True
AR-S1,2,2,SPACE,MOTHER,discrete_identity,64,28,0.0,0.0,1.1531115569570502e-12,0.9999999972959246,1.1218849884696684e-12,0.9999999973780963,5.200072520514239e-05,0.004505216048694492,0.6024374098316451,0.00013128053416396017,nan,4.3787895511575615e-15,998399.9408316758,30.110344124207153,rank1,0.018629176582934732,4.662621638275299e-05,5.3617481571124625e-08,1.1843350292048205e-08,0.7791307700335821,25,True
AR-S1,3,0,SPACE,MOTHER,discrete_identity,64,28,0.0,0.0,6.068191263666706e-13,0.9999999996447538,6.00824133413867e-13,0.9999999996481981,1.8847974454827553e-05,0.006184146806842202,0.5846050079958572,3.9437941124429434e-05,nan,2.616777215522695e-15,308995.32922575396,36.33157078609885,rank1,0.02802422320982415,5.761999447365661e-05,9.030742803908265e-08,4.989548552739722e-08,0.4474960137646288,25,True
AR-S1,3,1,SPACE,MOTHER,discrete_identity,64,28,0.0,0.0,1.2457811369756844e-12,0.9999999995757468,1.2303531973024161e-12,0.9999999995817125,2.0597406986326662e-05,0.010929771967801523,0.8688801764694208,6.599890118512185e-15,nan,2.705952798732574e-15,294478.1106709666,34.91868011013499,rank1,0.025540598121868516,8.657554409774965e-05,1.424793286098249e-07,1.674568088041346e-07,-0.1753075258904346,25,True
AR-S1,3,2,SPACE,MOTHER,discrete_identity,64,28,0.0,0.0,3.947695803216027e-13,0.9999999992670849,3.5359917061716707e-13,0.9999999993463633,2.7072403416165068e-05,0.004800651501610557,0.5548196755906153,5.83658398380795e-05,nan,4.097457224865763e-15,292929.96299921,35.81289942402276,rank1,0.01875336800991081,5.4786909411291735e-05,2.767934653873234e-08,1.2697825628225702e-08,0.5412604146087435,25,True
AR-S1,4,0,SPACE,MOTHER,discrete_identity,64,28,0.0,0.0,1.1325113075893905e-12,0.9999999995556885,1.1090694808763978e-12,0.9999999995656551,2.1078696095823215e-05,0.01574280412988519,0.6253422843168489,4.494969445648664e-05,nan,2.067953943962411e-15,37178.40296246629,34.72754535628414,rank1,0.02762018726183289,9.086341879659003e-05,8.357416361851784e-08,1.744902240938554e-08,0.7912258336580467,25,True
AR-S1,4,1,SPACE,MOTHER,discrete_identity,64,28,0.0,0.0,1.2216841075307162e-12,0.9999999997993247,1.0273220887808457e-12,0.9999999998305522,1.4165987947202766e-05,0.01120331230706919,0.8951417653247015,3.0746301719533515e-10,nan,3.542746039311612e-15,36152.73438103523,32.78862031114506,rank1,0.025277027653453295,0.0001307191522866734,1.7396515782748852e-08,3.6878229048786065e-08,-1.1199415862453774,25,True
AR-S1,4,2,SPACE,MOTHER,discrete_identity,64,28,0.0,0.0,4.73980476268852e-13,0.9999999996321769,4.874734764199912e-13,0.9999999996222287,1.9178715917479906e-05,0.005079950535588668,0.556273924309191,7.479064677927694e-05,nan,5.6667165235961705e-15,39431.54644985774,34.26164376073778,rank1,0.01869300480905793,6.805270141269139e-05,1.9103154641214418e-08,1.8514845581606485e-08,0.03079719909766842,25,True
AR-S2,0,0,SPACE,MOTHER,discrete_identity,64,28,0.0,0.0,4.1296737380562085e-12,0.9999999984549469,3.3508799877656804e-12,0.9999999987425606,3.930716325436585e-05,0.05042775524703042,0.6251552370634124,5.461320091568118e-05,nan,1.6781442608156998e-15,59891.54312850836,33.25034395696773,rank1,0.02421397339383464,0.000161667578337417,1.912593256893041e-06,7.812802415196806e-07,0.5915086514259165,25,False
AR-S2,0,1,SPACE,MOTHER,discrete_identity,64,28,0.0,0.0,1.2342071161978599e-11,0.9999999996814987,1.092126698350551e-11,0.9999999997186909,1.7846604787046915e-05,0.012174931104759989,0.8874489382567597,1.5272858125126726e-13,nan,9.55446440529313e-16,146089.70484347397,30.517805712831848,rank1,0.027332744962035572,0.00022437976433340186,8.004344946685994e-08,1.4513711403145835e-07,-0.8133545402883865,25,True
AR-S2,0,2,SPACE,MOTHER,discrete_identity,64,28,0.0,0.0,1.2707268363240824e-12,0.9999999998483448,1.258051190463618e-12,0.9999999998494029,1.2314840560868931e-05,0.008724592221687512,0.5837952695642658,8.636764816562396e-05,nan,1.3881768081851549e-15,995056.8153113334,32.41463096285045,rank1,0.022420248972450516,0.00012628657156659958,2.9154010924189043e-07,1.6343523426449904e-07,0.4394092932176392,25,True
AR-S2,1,0,SPACE,MOTHER,discrete_identity,64,28,0.0,0.0,2.643271707269325e-12,0.9999999992633636,2.67748353659807e-12,0.9999999992543956,2.714104683224856e-05,0.023447406509428722,0.6782978998488245,7.382851645050019e-05,nan,1.796295652748975e-15,763241.819507511,30.885132191017934,rank1,0.02484159741205225,0.00013522723674266293,4.0054768015792524e-07,1.4287620302093853e-07,0.6433021343619417,25,True
AR-S2,1,1,SPACE,MOTHER,discrete_identity,64,28,0.0,0.0,1.2044332741063612e-12,0.9999999998905258,1.6411991970672177e-12,0.9999999998511466,1.046299371748066e-05,0.01767066301895379,0.8848441048672973,2.2615421398625656e-14,nan,1.332406171768643e-15,114320.89386939735,31.593013343828883,rank1,0.02608151518348665,0.0002885586216116672,3.238635959008243e-06,2.719252577894216e-07,0.9160374435641372,25,True
AR-S2,1,2,SPACE,MOTHER,discrete_identity,64,28,0.0,0.0,9.043250585906653e-13,0.9999999999314106,9.509268300871923e-13,0.999999999927806,8.281870047670146e-06,0.020757415071996226,0.5652155273751053,5.553664780974195e-05,nan,1.5165364825273084e-15,124260.30325699644,36.364770634845044,rank1,0.022102175355458206,0.00017151591680533487,6.312681172447374e-07,4.056332266201146e-07,0.3574316644468785,25,True
AR-S2,2,0,SPACE,MOTHER,discrete_identity,64,28,0.0,0.0,1.5054726967127273e-12,0.9999999993582864,1.3723464217290268e-12,0.9999999994148203,2.533206653492959e-05,0.004295406578078052,0.6473603258114589,6.076079896537972e-05,nan,1.801607198635597e-15,351773.02396933496,33.18560970246333,rank1,0.02534154761800061,7.04540056412455e-05,1.3835522129825167e-08,1.3959008289675522e-08,-0.008926269420582552,25,True
AR-S2,2,1,SPACE,MOTHER,discrete_identity,64,28,0.0,0.0,9.661276561666251e-13,0.9999999999659375,8.529293894384603e-13,0.9999999999698619,5.836313923137159e-06,0.008604327450757529,0.8737513167965704,2.7513312500117466e-12,nan,1.1638088068701972e-15,28077.408357764096,35.65672394177898,rank1,0.02812059890332887,7.552975612222325e-05,3.251582407788181e-08,4.254117280534321e-08,-0.3083313094219385,25,True
AR-S2,2,2,SPACE,MOTHER,discrete_identity,64,28,0.0,0.0,2.1800649828623824e-12,0.9999999998179476,2.233718523128857e-12,0.9999999998135956,1.3492680339949415e-05,0.0040936264104877934,0.6020389753868993,0.0001312805341639728,nan,1.1499076398811512e-15,998399.9408316758,30.110344124207153,rank1,0.02229390752888863,6.328393755637863e-05,5.802410830816422e-08,5.03467279891673e-08,0.13231860007856855,25,True
AR-S2,3,0,SPACE,MOTHER,discrete_identity,64,28,0.0,0.0,9.296551161325898e-13,0.999999999731838,8.893759316611896e-13,0.9999999997441783,1.637565301119156e-05,0.013546245209964135,0.5851838100402542,3.943794112442034e-05,nan,2.038710291376575e-15,308995.32922575396,36.33157078609885,rank1,0.02530720867770222,0.00011232739753142967,4.2341498975438374e-07,4.774549831202304e-08,0.8872390570929237,25,True
AR-S2,3,1,SPACE,MOTHER,discrete_identity,64,28,0.0,0.0,1.4110261882284647e-12,0.9999999994468001,1.2498354035509054e-12,0.9999999995090609,2.3520201737580127e-05,0.014134854114507678,0.868922268307236,6.6269304877852475e-15,nan,4.194303732318266e-15,294478.1106709666,34.91868011013499,rank1,0.02592769158864115,0.0001229686519729878,1.4930069194648792e-07,1.4137016657853716e-07,0.05311830920461234,25,True
AR-S2,3,2,SPACE,MOTHER,discrete_identity,64,28,0.0,0.0,7.744967255246213e-13,0.9999999999483681,7.70423170182714e-13,0.9999999999485292,7.185539312083863e-06,0.00455179371917988,0.5553749632401902,5.836583983807861e-05,nan,1.1518475094861226e-15,292929.96299921,35.81289942402276,rank1,0.02245155815973393,7.065077769794933e-05,1.0309859620451897e-07,8.226747146551428e-08,0.20205203557108722,25,True
AR-S2,4,0,SPACE,MOTHER,discrete_identity,64,28,0.0,0.0,1.2060397869721132e-12,0.9999999998103134,1.2623977013640467e-12,0.9999999998016998,1.3772674038159773e-05,0.023246354855771097,0.6257574284155992,4.494969445648564e-05,nan,1.5512988774918933e-15,37178.40296246629,34.72754535628414,rank1,0.024920332542296673,0.00011253282625441765,3.8278477669492945e-07,1.0881192876288408e-08,0.9715766619296641,25,True
AR-S2,4,1,SPACE,MOTHER,discrete_identity,64,28,0.0,0.0,1.3385259090422332e-12,0.9999999996302957,1.0814397237247534e-12,0.9999999997023877,1.9227695483876873e-05,0.011788401767000717,0.895164817569156,3.074630186525827e-10,nan,3.8617043487273706e-15,36152.73438103523,32.78862031114506,rank1,0.025679397118167944,0.00015731694316373722,6.96395170566931e-08,3.002565445732688e-08,0.5688526528857245,25,True
AR-S2,4,2,SPACE,MOTHER,discrete_identity,64,28,0.0,0.0,4.746911501011372e-13,0.9999999999345667,3.9692672850844717e-13,0.9999999999452996,8.08908598436569e-06,0.004141747209376217,0.556775661842365,7.479064677926684e-05,nan,1.5179310151132767e-15,39431.54644985774,34.26164376073778,rank1,0.022395450742436068,6.125122790516258e-05,1.2606289843569893e-07,2.4153962081504654e-08,0.8084005790710574,25,True
AR-S3,0,0,SPACE,MOTHER,discrete_identity,64,28,0.0,0.0,3.5272843051958546e-12,0.9999999937156462,2.863411783492993e-12,0.9999999948886912,7.927391621239949e-05,0.04751323800931578,0.5767646334583434,4.6023547617210844e-05,nan,3.89255177583725e-15,59891.54312850836,33.25034395696773,weak_rank2,0.024684102260723508,0.0008687865909283788,3.436100753114402e-05,6.030695565673814e-07,0.9824491150137716,25,True
AR-S3,0,1,SPACE,MOTHER,discrete_identity,64,28,0.0,0.0,1.2975932985301726e-11,0.9999999995316524,1.2114664592929168e-11,0.9999999995608054,2.1641339428952954e-05,0.03550417381244497,0.8833323297702278,0.00027866789828266366,nan,1.2690246696190804e-15,146089.70484347397,30.517805712831848,strong_rank2,0.023261581129908046,0.015137927668550728,0.0005573697156288394,1.2621498413457995e-06,0.9977355481300733,25,True
AR-S3,0,2,SPACE,MOTHER,discrete_identity,64,28,0.0,0.0,7.138642418337803e-12,0.9999999983516099,6.149726780982742e-12,0.9999999985752852,4.060037044708854e-05,0.05016051200042241,0.9683983507913674,5.7499713650067744e-05,nan,1.6105598990414495e-15,995056.8153113334,32.41463096285045,strong_rank2,0.022237457699941364,0.016782288583834314,0.0008093028957020843,1.5968281219683776e-06,0.9980269179736151,25,False
AR-S3,1,0,SPACE,MOTHER,discrete_identity,64,28,0.0,0.0,2.4028842112251103e-12,0.9999999984459478,2.6074089521319727e-12,0.9999999983232312,3.942146861259514e-05,0.021624861328891,0.6301990687009281,6.221522562482147e-05,nan,2.925723475600658e-15,763241.819507511,30.885132191017934,weak_rank2,0.025192242695743057,0.0008606096613559224,4.4706680186412086e-05,4.0587376175614224e-07,0.990921460081709,25,True
AR-S3,1,1,SPACE,MOTHER,discrete_identity,64,28,0.0,0.0,2.7717733003070705e-12,0.9999999997123163,2.991642925364572e-12,0.9999999996896503,1.6961238990111523e-05,0.027644517419618386,0.8801976417386684,0.00025177557975445666,nan,1.2524408077174625e-15,114320.89386939735,31.593013343828883,strong_rank2,0.02232575703986579,0.015257345451201127,0.0015712264478194434,1.1357887961154898e-06,0.9992771340961565,25,True
AR-S3,1,2,SPACE,MOTHER,discrete_identity,64,28,0.0,0.0,9.255274162601794e-12,0.9999999984095133,8.264796124580385e-12,0.9999999985803426,3.988090698542227e-05,0.07841659153513085,0.9315902325401988,3.5665976995873266e-05,nan,1.5202166684117671e-15,124260.30325699644,36.364770634845044,strong_rank2,0.02244349278736244,0.017134668304327645,0.0023604193965683037,2.2367290015625333e-05,0.990524022603537,25,False
AR-S3,2,0,SPACE,MOTHER,discrete_identity,64,28,0.0,0.0,1.5140076951485732e-12,0.9999999975361172,1.3907212133756174e-12,0.9999999977304619,4.963751382883067e-05,0.004293739394044374,0.5974122223935909,5.118601797055714e-05,nan,4.3724819056814536e-15,351773.02396933496,33.18560970246333,weak_rank2,0.02568860544596971,0.0008763095814690605,3.954881009589453e-05,4.663868808295188e-08,0.9988207691774408,25,True
AR-S3,2,1,SPACE,MOTHER,discrete_identity,64,28,0.0,0.0,2.1487045406573295e-12,0.9999999999294439,2.1067521086260128e-12,0.999999999931109,8.399770290526722e-06,0.007741411079859966,0.8665646440628922,0.00015283481143281926,nan,1.0529505555988484e-15,28077.408357764096,35.65672394177898,strong_rank2,0.023902460778293663,0.01591424051815132,0.0004668227850433279,1.5140462613658337e-07,0.999675674617907,25,True
AR-S3,2,2,SPACE,MOTHER,discrete_identity,64,28,0.0,0.0,4.257188351351433e-12,0.9999999989877838,4.33012160455887e-12,0.999999998964833,3.181534576980725e-05,0.004615839368871641,0.9811307700892921,8.399880381806811e-05,nan,1.7190312659666148e-15,998399.9408316758,30.110344124207153,strong_rank2,0.023832635122848524,0.017461397894172618,0.00213456227973375,2.8601302680138197e-08,0.9999866028525753,25,True
AR-S3,3,0,SPACE,MOTHER,discrete_identity,64,28,0.0,0.0,5.671985552013331e-13,0.999999999757068,5.411239567328991e-13,0.999999999768011,1.5586275498748658e-05,0.006394294178841056,0.5390406022579785,3.322755924559507e-05,nan,2.7422496019393755e-15,308995.32922575396,36.33157078609885,weak_rank2,0.025731050438436924,0.0008566987288238621,4.8973076836320936e-05,1.3251856899393545e-07,0.9972940641697255,25,True
AR-S3,3,1,SPACE,MOTHER,discrete_identity,64,28,0.0,0.0,1.9084695257412293e-12,0.9999999998806683,1.8804459447084e-12,0.9999999998821741,1.0923905296457843e-05,0.008669408200504332,0.8610639935539678,0.0001453528501902901,nan,1.0663956305522805e-15,294478.1106709666,34.91868011013499,strong_rank2,0.02211826180616379,0.015751403884775896,0.000793919257598526,2.9144328976010734e-07,0.9996329080328991,25,True
AR-S3,3,2,SPACE,MOTHER,discrete_identity,64,28,0.0,0.0,6.370125068533231e-12,0.99999999891975,5.5029947492105e-12,0.9999999990600836,3.286715681827512e-05,0.02048642735503341,0.9298526215037594,3.7662365450089555e-05,nan,1.9539234412969333e-15,292929.96299921,35.81289942402276,strong_rank2,0.023566692079970256,0.01750619737225584,0.002662621537717804,2.2591010034175716e-07,0.9999151574012464,25,True
AR-S3,4,0,SPACE,MOTHER,discrete_identity,64,28,0.0,0.0,1.1866892481627986e-12,0.9999999996228758,1.222403719575302e-12,0.9999999996107414,1.9419687325549223e-05,0.023220060639626505,0.580568131093678,3.7885397077577945e-05,nan,2.075943143912183e-15,37178.40296246629,34.72754535628414,weak_rank2,0.02525735393857719,0.0008544432372446284,7.268786093283933e-05,1.1466689910651648e-07,0.9984224915574936,25,True
AR-S3,4,1,SPACE,MOTHER,discrete_identity,64,28,0.0,0.0,2.2389057971694402e-12,0.9999999996150598,2.0854547388467446e-12,0.999999999641909,1.9619894125705373e-05,0.010358309604207585,0.8896432482700898,0.00018878380232522187,nan,2.2736217499131473e-15,36152.73438103523,32.78862031114506,strong_rank2,0.02184710247088706,0.015681506281135623,0.0012003492211264974,1.213412619636771e-07,0.9998989135651954,25,True
AR-S3,4,2,SPACE,MOTHER,discrete_identity,64,28,0.0,0.0,3.5568649890710893e-12,0.9999999996579869,4.400970731041003e-12,0.999999999575957,1.8493596012324984e-05,0.03689953968353907,0.9553909266749449,4.816528876652074e-05,nan,1.447123068836036e-15,39431.54644985774,34.26164376073778,strong_rank2,0.023209585891407116,0.017435688884878432,0.003389386567387851,5.304091913381761e-07,0.9998435098433052,25,True
AR-S4U,0,0,SPACE,MOTHER,discrete_identity,64,28,0.0,0.0,2.6348750910813907e-09,0.9999996483092914,2.6065712988016813e-09,0.9999996543842616,0.0005930351664107839,0.22804389873588626,0.723763973709288,0.008950994555807994,nan,1.5145084090963647e-15,59891.54312850836,33.25034395696773,strong_rank2,0.023512789651858546,0.01137504362287233,0.009121316863227523,0.002037525861952241,0.7766195554645217,25,False
AR-S4U,0,1,SPACE,MOTHER,discrete_identity,64,28,0.0,0.0,5.299569151902222e-09,0.9999998413805318,5.3382598173373405e-09,0.9999998402358043,0.0003982705968031768,0.18084893719306586,0.9285581554066457,0.00937964968064541,nan,1.270760685355184e-15,146089.70484347397,30.517805712831848,strong_rank2,0.03007528465290878,0.02551942232973994,0.02119359018174293,0.005379965000953085,0.7461515014428214,25,False
AR-S4U,0,2,SPACE,MOTHER,discrete_identity,64,28,0.0,0.0,7.824192835663741e-09,0.999999212361635,7.443026739696334e-09,0.9999992532888505,0.0008874899238620733,0.3974761458971783,0.7221913528444524,0.016778349335601954,nan,1.7757804235537781e-15,995056.8153113334,32.41463096285045,strong_rank2,0.02324120597145584,0.012898955537660862,0.008265005195733633,0.005122556741231219,0.38021167016010615,25,False
AR-S4U,1,0,SPACE,MOTHER,discrete_identity,64,28,0.0,0.0,2.792658571464836e-09,0.9999997450851514,2.955946099704754e-09,0.9999997313415216,0.0005048909274182025,0.36618058984993906,0.8303039912938814,0.01173606414182706,nan,1.759927995248836e-15,763241.819507511,30.885132191017934,strong_rank2,0.025868743471234742,0.01257241326992705,0.01144142429188359,0.005593872517274266,0.5110861246572733,25,False
AR-S4U,1,1,SPACE,MOTHER,discrete_identity,64,28,0.0,0.0,1.8166035673592407e-09,0.9999999680561643,2.0383718581966907e-09,0.9999999644141592,0.00017872838521743216,0.22299081161437864,0.9236493765269993,0.007769811406979604,nan,9.033829864792877e-16,114320.89386939735,31.593013343828883,strong_rank2,0.028941127580497696,0.021997445803587482,0.040454100818225834,0.01575118481687808,0.6106406176629254,25,False
AR-S4U,1,2,SPACE,MOTHER,discrete_identity,64,28,0.0,0.0,1.6078620844947144e-09,0.9999999707675272,1.7665997047017362e-09,0.9999999681223422,0.0001709750649115946,0.2961006148922826,0.6391610830223035,0.010184594228032483,nan,9.70844306942981e-16,124260.30325699644,36.364770634845044,strong_rank2,0.02155751656888724,0.012926805018870599,0.04600654068085678,0.00418599609155902,0.9090130540561773,25,False
AR-S4U,2,0,SPACE,MOTHER,discrete_identity,64,28,0.0,0.0,4.219748066469698e-09,0.9999996987140177,3.995032082076294e-09,0.9999997147452064,0.0005488952380040013,0.2112077241700323,0.7870886985509261,0.009872292700130982,nan,1.2756050520550441e-15,351773.02396933496,33.18560970246333,strong_rank2,0.024341972904253002,0.011980988870419085,0.014068274863687282,0.002420165011890326,0.8279702705900889,25,False
AR-S4U,2,1,SPACE,MOTHER,discrete_identity,64,28,0.0,0.0,2.342965432753767e-09,0.9999999195276709,2.441181829256601e-09,0.9999999162794801,0.00028367645151362343,0.13273853611319253,0.9079203198254945,0.00489793511368664,nan,1.2791568194847118e-15,28077.408357764096,35.65672394177898,strong_rank2,0.03159269681963365,0.02553921809193019,0.012583211976628485,0.004659774028493474,0.6296833779942714,25,False
AR-S4U,2,2,SPACE,MOTHER,discrete_identity,64,28,0.0,0.0,2.182633145914775e-08,0.9999978307051408,1.977786372071782e-08,0.9999980370972581,0.00147285262642227,0.500830275728842,0.7574394135172245,0.025201977335289207,nan,1.8294628623102717e-15,998399.9408316758,30.110344124207153,strong_rank2,0.021775133578401912,0.013448864154810133,0.011590058356892934,0.007465330178855159,0.3558856926085939,25,False
AR-S4U,3,0,SPACE,MOTHER,discrete_identity,64,28,0.0,0.0,8.395264297420063e-10,0.9999999606513793,7.483885346994126e-10,0.9999999648236912,0.00019836486763577432,0.13330440627439086,0.5756295324343137,0.006544460163693667,nan,9.454940772468829e-16,308995.32922575396,36.33157078609885,strong_rank2,0.024660068004280354,0.011606143314791026,0.019631879765563128,0.003181943334865754,0.8379196149626166,25,False
AR-S4U,3,1,SPACE,MOTHER,discrete_identity,64,28,0.0,0.0,1.5989271644253765e-09,0.9999999610185515,1.3791393077287693e-09,0.9999999661699931,0.00019743720151511104,0.12210342044984447,0.9058002763064216,0.004933978846047205,nan,1.1865876969519646e-15,294478.1106709666,34.91868011013499,strong_rank2,0.02793436607042646,0.023358065893746675,0.009285965387131143,0.0025948550866063563,0.7205617481541926,25,False
AR-S4U,3,2,SPACE,MOTHER,discrete_identity,64,28,0.0,0.0,2.063761637949121e-09,0.9999998344749532,1.903349816594657e-09,0.9999998476001751,0.0004068476948703142,0.2132488460650834,0.6104257446831911,0.010754408938974003,nan,1.4731171973478807e-15,292929.96299921,35.81289942402276,strong_rank2,0.021960558260775524,0.01320019793769116,0.011523491176590043,0.008915240041467053,0.22634213557935165,25,False
AR-S4U,4,0,SPACE,MOTHER,discrete_identity,64,28,0.0,0.0,2.1790979418443526e-09,0.9999997805152417,1.9939742796405643e-09,0.9999997991568674,0.00046849200452258786,0.3122298031652304,0.6647187946287705,0.007428404210585492,nan,1.5156452647750225e-15,37178.40296246629,34.72754535628414,strong_rank2,0.024989304968147455,0.012453793855503086,0.00832946952350896,0.003987966459534921,0.5212221723742203,25,False
AR-S4U,4,1,SPACE,MOTHER,discrete_identity,64,28,0.0,0.0,2.2771512665543537e-09,0.9999999524534572,2.226033593725774e-09,0.9999999536962219,0.00021805169762125447,0.15737804672601724,0.9290564808948257,0.006818372978928558,nan,1.1737374461792308e-15,36152.73438103523,32.78862031114506,strong_rank2,0.027569225060429824,0.023836578808579915,0.01243115072216291,0.005091315105803452,0.5904390611074054,25,False
AR-S4U,4,2,SPACE,MOTHER,discrete_identity,64,28,0.0,0.0,6.683385241610452e-09,0.9999994610585636,5.694587789819142e-09,0.9999995399394294,0.0007341263081725593,0.44588878598074255,0.6777285015268443,0.014252956413351371,nan,1.8441206121808383e-15,39431.54644985774,34.26164376073778,strong_rank2,0.02296307704517142,0.013741149480401954,0.011724761966392966,0.003996077697341889,0.659176595374403,25,False
