scenario,seed,variable,distribution,selected_lag_smoothing,selected_amplitude_smoothing,smoothing_reselected_from_rank,full_validation_contribution_r2,full_empirical_operator_nrmse,full_kkt_relative_residual,predictive_rank_010,predictive_rank_005,predictive_rank_002,normalized_excess_curve,structural_rank_005,predictive_minus_structural_rank_005,seed_full_capacity_pass
AR-S1,0,0,NAT,0.0,0.001,False,0.9999987170994351,0.0011326520051835175,3.8978678592750336e-16,1,1,1,"[0.0, 0.0, 0.0, 0.0, 1.549864249398741e-05, 0.0, 2.3560507828655553e-05, 2.3832288163197393e-05, 3.8900390998069246e-05, 4.89014120452817e-05, 5.5885738893023275e-05, 5.795498896962407e-05]",1,0,True
AR-S1,0,1,NAT,0.0,1e-05,False,0.9999996308953144,0.0006075398633875624,1.2000641208613687e-15,1,1,1,"[0.0, 0.0, 0.0, 0.0, 0.0, 0.0, 0.0, 0.0, 0.0, 0.0, 0.0, 0.0]",1,0,True
AR-S1,0,2,NAT,0.0,0.0,False,0.9999999813715446,0.00013648609997828496,3.7725657740591095e-16,1,1,1,"[0.0, 0.0, 0.0, 0.0, 0.0, 0.0, 0.0, 0.0, 0.0, 0.0, 0.0, 0.0]",1,0,True
AR-S1,1,0,NAT,0.0,0.001,False,0.999999113741099,0.0009414132466901618,3.367673432451333e-16,1,1,1,"[0.0, 0.0, 0.0, 0.0, 0.0, 1.5387186099526184e-05, 4.5419530077169e-05, 5.335428505625862e-05, 5.121052113120553e-05, 5.353650983903386e-05, 4.823195462062346e-05, 4.624760492884899e-05]",1,0,True
AR-S1,1,1,NAT,0.0,1e-05,False,0.9999998814432941,0.0003443206440959825,8.676306985984489e-16,1,1,1,"[0.0, 0.0, 0.0, 0.0, 0.0, 0.0, 0.0, 0.0, 0.0, 0.0, 0.0, 0.0]",1,0,True
AR-S1,1,2,NAT,0.0,0.0,False,0.999997949649334,0.0014319045589827836,4.486417253571671e-16,1,1,1,"[0.0, 0.0, 0.0, 0.0, 0.0, 0.0, 0.0, 0.0, 0.0, 0.0, 0.0, 0.0]",1,0,True
AR-S1,2,0,NAT,0.0,0.001,False,0.9999990623970171,0.0009682990152151945,4.0591312226175247e-16,1,1,1,"[0.0, 0.0, 0.0, 0.0, 0.0, 5.016436891951263e-06, 2.941946637655722e-05, 4.7723014760529194e-05, 5.120493513006735e-05, 5.4204545270996105e-05, 5.48244763867128e-05, 5.539157802740295e-05]",1,0,True
AR-S1,2,1,NAT,0.0,1e-05,False,0.9999997463127974,0.0005036737064069794,7.340240852469682e-16,1,1,1,"[0.0, 0.0, 0.0, 0.0, 0.0, 0.0, 0.0, 0.0, 0.0, 0.0, 0.0, 0.0]",1,0,True
AR-S1,2,2,NAT,0.0,0.0,False,0.9999999843102559,0.00012525870872902932,3.7788250240844464e-16,1,1,1,"[0.0, 0.0, 0.0, 0.0, 0.0, 0.0, 0.0, 0.0, 0.0, 0.0, 0.0, 0.0]",1,0,True
AR-S1,3,0,NAT,0.0,0.001,False,0.9999990318495138,0.000983946383842867,3.9005815257360966e-16,1,1,1,"[0.0, 0.0, 0.0, 0.0, 0.0, 0.0, 1.8326393020855102e-05, 3.806627650863111e-05, 4.686142122696754e-05, 5.111874066120184e-05, 5.0496830806520835e-05, 5.306335391983234e-05]",1,0,True
AR-S1,3,1,NAT,0.0,0.0001,False,0.9999958673044568,0.0020329032301627564,7.789097932238927e-16,1,1,1,"[0.0, 0.0, 0.0, 0.0, 0.0, 0.0, 0.0, 0.0, 0.0, 0.0, 0.0, 0.0]",1,0,True
AR-S1,3,2,NAT,0.0001,1e-05,False,0.999986763960856,0.0036381367681922834,4.157852139322461e-16,1,1,1,"[0.0, 0.0, 0.0, 0.0, 0.0, 0.0, 0.0, 0.0, 0.0, 0.0, 0.0, 0.0]",1,0,True
AR-S1,4,0,NAT,0.0,0.001,False,0.9999989715848753,0.0010141080439292987,4.126205549933964e-16,1,1,1,"[0.0, 0.0, 0.0, 0.0, 0.0, 3.7752529385601796e-05, 4.611075053697936e-05, 6.217100295569141e-05, 7.090486699628948e-05, 6.922237213486627e-05, 7.247502465263825e-05, 7.073998608759847e-05]",1,0,True
AR-S1,4,1,NAT,0.0,0.0001,False,0.9999985272912641,0.0012135521150131092,8.182700827122805e-16,1,1,1,"[0.0, 0.0, 0.0, 0.0, 0.0, 0.0, 0.0, 0.0, 0.0, 0.0, 0.0, 0.0]",1,0,True
AR-S1,4,2,NAT,1e-05,0.0,False,0.9999999362281015,0.0002525309852414485,4.1858429076739256e-16,1,1,1,"[0.0, 0.0, 0.0, 0.0, 0.0, 0.0, 0.0, 0.0, 0.0, 0.0, 0.0, 0.0]",1,0,True
AR-S2,0,0,NAT,0.0,0.001,False,0.9999789473638245,0.004588315178300522,4.086321647869073e-16,1,1,1,"[0.0, 0.0, 0.0, 0.0, 0.0001348089680937174, 0.0003776928900229405, 0.00033129265726746226, 0.00038983689696614373, 0.0005479730288951011, 0.0005566820046266405, 0.0005736161123436876, 0.0005786263202588183]",1,0,True
AR-S2,0,1,NAT,0.0,0.0001,False,0.9999392933154605,0.007791449450484321,8.860974028615798e-16,1,1,1,"[0.0, 0.0, 0.0, 0.0, 0.0002573571667069694, 0.0, 0.0003032082129278179, 0.0005185286287576878, 0.0005389928672888934, 0.0006468519308238411, 0.0006774788307435301, 0.0006790337792872767]",1,0,True
AR-S2,0,2,NAT,0.0,0.001,False,0.9999200307430093,0.008942553158395409,3.8545287391143724e-16,1,1,1,"[0.0, 0.0, 0.0, 0.0, 0.0007012031295828879, 0.0006862521377933269, 0.0005386336516273594, 0.0006256734625960197, 0.0006821416036339182, 0.0007331685127538335, 0.0007484418372426259, 0.0007441960641037631]",1,0,True
AR-S2,1,0,NAT,0.0,0.001,False,0.9999853384057797,0.003829046124072144,3.717805542749928e-16,1,1,1,"[0.0, 0.0, 0.0, 0.0, 0.00031422107040148, 0.0003959742302551687, 0.0004219534215188345, 0.00044572765402289106, 0.00043592657820412396, 0.00043306037318453105, 0.0004360412606695894, 0.0004390291421036351]",1,0,True
AR-S2,1,1,NAT,0.0,0.0001,False,0.9999512927802696,0.006979055790747406,7.353897074936432e-16,1,1,1,"[0.0, 0.0, 0.0, 0.0, 0.0, 0.0, 0.0002667702947773854, 0.0005104615639524607, 0.0006098585671709156, 0.0005627952704068193, 0.0005776682622342359, 0.0005696148827880435]",1,0,True
AR-S2,1,2,NAT,1e-05,1e-05,False,0.9999184513615026,0.009030428478064147,3.7510079061149976e-16,1,1,1,"[0.0, 0.0, 0.0, 0.0, 0.0, 0.0, 0.0, 0.0, 0.0, 0.0, 0.0, 0.0]",1,0,True
AR-S2,2,0,NAT,0.0,0.001,False,0.9999844247005618,0.003946555388972104,3.827052923509241e-16,1,1,1,"[0.0, 0.0, 0.0, 0.0, 8.447964950377179e-05, 0.000363445510350009, 0.00040029633692167233, 0.0004505452211078083, 0.0004421350461195949, 0.00044072387546426967, 0.00042570626903191055, 0.0004291978628615814]",1,0,True
AR-S2,2,1,NAT,0.0,0.0001,False,0.9999510881584308,0.006993700134351431,6.82940590348805e-16,1,1,1,"[0.0, 0.0, 0.0, 0.0, 0.0, 0.0, 0.0005004020648729712, 0.0004481430490543468, 0.0005008961723517501, 0.0006209627121281426, 0.0006446267920650865, 0.0006760231718179783]",1,0,True
AR-S2,2,2,NAT,0.0,0.0001,False,0.9999363099424038,0.007980605089606565,4.3129288612016723e-16,1,1,1,"[0.0, 0.0, 0.0, 0.0, 0.0, 0.00033206946738096053, 0.0004344505189620065, 0.0004933180248348427, 0.0006711152073573504, 0.0006879144109213704, 0.0007159277602141056, 0.0007302197150725918]",1,0,True
AR-S2,3,0,NAT,0.0,0.01,False,0.9999856559932483,0.0037873482480143797,4.3327193667500343e-16,1,1,1,"[0.0, 0.0, 0.0, 0.0, 0.00036612862556304946, 0.00029067549738450837, 0.00031006538883659546, 0.000244571548795484, 0.00024472402377964187, 0.0002760163798275676, 0.0003046388450293321, 0.0003150051527592215]",1,0,True
AR-S2,3,1,NAT,0.0,0.001,False,0.999937881144857,0.007881551569519115,7.190537673504707e-16,1,1,1,"[0.0, 0.0, 0.0, 0.0, 0.0, 0.0, 0.0, 0.0, 0.0, 0.0, 0.0, 0.0]",1,0,True
AR-S2,3,2,NAT,1e-05,1e-05,False,0.9999004713842153,0.009976402948191923,4.287836051608753e-16,1,1,1,"[0.0, 0.0, 0.0, 0.0, 0.0, 0.0, 0.0, 0.0, 0.0, 0.0, 0.0, 0.0]",1,0,True
AR-S2,4,0,NAT,0.0,0.01,False,0.9999841185936825,0.003985148217760446,4.546245272552848e-16,1,1,1,"[0.0, 0.0, 0.0, 0.0, 0.0, 0.0, 0.0003558323225062042, 0.0004009007439810238, 0.0004106936843797208, 0.0004219553929792138, 0.00042081007376570066, 0.0004296334205591789]",1,0,True
AR-S2,4,1,NAT,0.0,0.0001,False,0.9999575239187802,0.0065173676603178365,8.500353048202007e-16,1,1,1,"[0.0, 0.0, 0.0, 0.0, 0.0, 0.0, 0.0, 0.0, 0.0006052125270904956, 0.0006250918261994679, 0.000668003487640436, 0.0006811977829830741]",1,0,True
AR-S2,4,2,NAT,0.0,0.0001,False,0.9999223129488973,0.00881402581699567,4.0326455642804077e-16,1,1,1,"[0.0, 0.0, 0.0, 0.00021496933625188196, 0.00036799483645881537, 0.0006788139743335734, 0.000709793532783252, 0.0006613441391836097, 0.0007685017621104292, 0.0008489603331579278, 0.0008608138701668589, 0.0008649728519219242]",1,0,True
AR-S3,0,0,NAT,0.0,0.001,False,0.9999924912307224,0.0027402133635130873,4.0818473858594754e-16,1,1,2,"[0.035264917442094, 0.0, 0.0, 0.0, 9.781565502134715e-05, 0.00013162658317744487, 0.00015686818341955583, 0.0001420406037319441, 0.00015592597937483303, 0.0001718034068686499, 0.00017467889397869586, 0.00018286600684636972]",1,0,True
AR-S3,0,1,NAT,0.0,0.0001,False,0.9999387031376524,0.007829231274370362,6.216331845799333e-16,2,2,2,"[0.6946359747795051, 0.0, 0.0, 0.0, 0.0, 0.0, 0.0, 0.0, 0.0, 0.00041883795383914393, 0.000493421008196725, 0.0005122676445824129]",2,0,True
AR-S3,0,2,NAT,0.0,0.0001,False,0.9999260943385823,0.00859684019961403,4.941911449623807e-16,2,2,2,"[0.5628990548954191, 0.0, 0.0, 0.0, 0.0, 0.0, 0.0004261672309084806, 0.0005865685052634027, 0.0006662316116112389, 0.0007128342848108075, 0.0007228113456570156, 0.0007868446376159866]",2,0,True
AR-S3,1,0,NAT,0.0,0.001,False,0.9999941521041928,0.0024182422970253823,4.024028904572011e-16,1,1,2,"[0.028779770634048726, 0.0, 0.0, 0.0, 0.0, 0.00014579902868957646, 0.00014038411097551354, 0.00015442876465219767, 0.00014201743311748692, 0.0001277849042289985, 0.00012444157592188693, 0.0001331498560027323]",1,0,True
AR-S3,1,1,NAT,0.0,0.001,False,0.999953795845793,0.006797363768914128,6.583073554926173e-16,2,2,2,"[0.6385515204504908, 0.0, 0.0, 0.0, 0.0, 0.0, 0.0, 7.300369301276136e-05, 0.0004186244721084664, 0.0005122655631423919, 0.0005511268232437966, 0.000537904035713291]",2,0,True
AR-S3,1,2,NAT,0.0,1e-05,False,0.9999231878880002,0.008764251936125322,3.9311597085269095e-16,2,2,2,"[0.5562698201217201, 0.0, 0.0, 0.0, 0.0, 0.0, 0.0, 0.0, 0.0, 0.0, 0.00022047162584685912, 0.000746438456135375]",2,0,True
AR-S3,2,0,NAT,0.0,0.001,False,0.9999946226386446,0.0023189138309703573,4.490460599321939e-16,1,1,2,"[0.030514607936744, 0.0, 0.0, 0.0, 6.865642769280531e-05, 2.747070648729522e-05, 0.0, 5.6808079111639964e-05, 9.273668229030074e-05, 9.675442687916627e-05, 0.0001031879615255666, 0.00011036576680301531]",1,0,True
AR-S3,2,1,NAT,0.0,0.0001,False,0.9999498648549504,0.007080617561311664,5.708027130771967e-16,2,2,2,"[0.6462525327439546, 0.0, 0.0, 0.0, 0.0, 0.0, 0.0, 0.00024767423165743117, 0.00033175607916281617, 0.00035939174088049256, 0.00047259897840919575, 0.0005084192158802063]",2,0,True
AR-S3,2,2,NAT,0.0,0.0001,False,0.9999342007855264,0.008111671496895003,3.5568652407726674e-16,2,2,2,"[0.6591332015384033, 0.0, 0.0, 0.0, 0.0, 0.0, 0.0, 0.00037471651246151813, 0.0005387635538464103, 0.0006082398814836199, 0.0007244673291701187, 0.0007474650564714834]",2,0,True
AR-S3,3,0,NAT,0.0,0.0001,False,0.9999942303156256,0.002402016730667708,3.636802917286047e-16,1,1,2,"[0.03233373431264765, 0.0, 0.0, 0.0, 0.0, 0.0, 0.0, 8.214123901045124e-05, 0.0001229854157589141, 0.00014752135249963927, 0.0001500078670106357, 0.0001603775839609459]",1,0,True
AR-S3,3,1,NAT,0.0,0.0001,False,0.9999418042712709,0.0076286125035365405,5.991740284000851e-16,2,2,2,"[0.6885163534977474, 0.0, 0.0, 0.0, 0.0, 0.0, 0.0, 0.0, 0.0011609544830990456, 0.0011890972853213669, 0.0012534350615389929, 0.0014959474908950979]",2,0,True
AR-S3,3,2,NAT,0.0,1e-05,False,0.9999179415693114,0.009058610858659418,3.3690988205091993e-16,2,2,2,"[0.5478983656453973, 0.0, 0.0, 0.0, 0.0, 0.0, 0.0, 0.0, 0.0, 0.0, 0.0, 0.0]",2,0,True
AR-S3,4,0,NAT,0.0,0.001,False,0.999994395902902,0.0023672974249185183,3.609858043541733e-16,1,1,2,"[0.02728869113350956, 0.0, 0.0, 0.0, 0.0, 0.0, 0.0, 0.0, 5.729422692920729e-05, 0.00010744624498380484, 0.00011955617486292181, 0.00014765917692440957]",1,0,True
AR-S3,4,1,NAT,0.0,0.0001,False,0.9999580587698667,0.006476204917493756,5.41676505740096e-16,2,2,2,"[0.5527213860635117, 0.0, 0.0, 0.0, 0.0, 0.0, 0.0, 0.0, 0.0005981780715361294, 0.0006967348743673811, 0.0008836452629476069, 0.000888538654969616]",2,0,True
AR-S3,4,2,NAT,0.0,1e-05,False,0.9999370134176302,0.007936408656930363,4.538216897522713e-16,2,2,2,"[0.598129514313963, 0.0, 0.0, 0.0, 0.0, 0.0, 0.0, 0.0005200430918006448, 0.00023834093194728467, 0.0005559425729633518, 0.0004986274210806808, 0.0005877698233477246]",2,0,True
AR-S4U,0,0,NAT,1e-05,1e-05,False,0.9998021521624866,0.014065839381757548,4.598644615098064e-16,4,5,6,"[0.4883327359936773, 0.2900206096072485, 0.15270558838375953, 0.07434335541682881, 0.03607429262525321, 0.013678028081416146, 0.004727919834750821, 0.0, 0.0, 0.0, 0.0, 0.0]",5,0,True
AR-S4U,0,1,NAT,0.0,0.0001,False,0.9997915610440651,0.014437415140353512,9.878379510447882e-16,4,5,6,"[0.8009661974480092, 0.24139874808882528, 0.1484291462970716, 0.06005522548253787, 0.028338882632406023, 0.009862881599963978, 0.004290992240839572, 0.0, 0.0, 0.0, 0.0, 0.0]",5,0,True
AR-S4U,0,2,NAT,1e-05,1e-05,False,0.9996044882980075,0.019887476008595528,3.918068186912865e-16,4,5,6,"[0.48291522880193666, 0.293845857670004, 0.1808970010328782, 0.08154992075960689, 0.035486975710401235, 0.012639932918244074, 0.005086176798731253, 0.0, 0.0, 0.0, 0.0, 0.0]",5,0,True
AR-S4U,1,0,NAT,0.0,0.0001,False,0.9998350112012993,0.012844796561283244,4.297150657538592e-16,4,5,6,"[0.43400143742166997, 0.23506272110431686, 0.12916616121790606, 0.06322936297485891, 0.027510100538599643, 0.01054164034105161, 0.0038036226942832524, 0.0, 0.0, 0.0, 0.0, 0.0]",5,0,True
AR-S4U,1,1,NAT,0.0,0.0001,False,0.999852455477845,0.01214679061131021,7.823712166463953e-16,4,5,6,"[0.7245024195026637, 0.22942843883794248, 0.14274593320176732, 0.06279889555237914, 0.0283492792337374, 0.01200580208975601, 0.005559635618112132, 0.0013355355031039401, 0.0014268663974861006, 0.0020977421716240276, 0.0018167458543096287, 0.001666595767629858]",5,0,True
AR-S4U,1,2,NAT,1e-05,1e-05,False,0.9997882971177802,0.01455001313469498,4.133603222555124e-16,4,5,6,"[0.41076227563092826, 0.2618536757545434, 0.141689574869927, 0.06838914904630117, 0.03278030677986713, 0.012339230044128565, 0.0033213726195091163, 0.0, 0.0, 0.0, 0.0, 0.0]",5,0,True
AR-S4U,2,0,NAT,1e-05,1e-05,False,0.9998629590101921,0.01170645077758224,4.766810354960957e-16,4,5,6,"[0.42003760082287245, 0.23987494796535505, 0.14272299140669154, 0.06465020549878524, 0.029152115911218628, 0.012030289504265837, 0.0036592279184943103, 0.0, 0.0, 0.0, 0.0, 0.0]",5,0,True
AR-S4U,2,1,NAT,0.0,0.0001,False,0.9998979678700348,0.010101095483419462,8.278835134247284e-16,4,5,6,"[0.7161117739756021, 0.208855872791599, 0.1351227498366619, 0.05991101315803679, 0.028258075529063183, 0.010540811135735509, 0.0048763746419439105, 0.0, 0.0, 0.0, 0.0, 0.0]",5,0,True
AR-S4U,2,2,NAT,1e-05,1e-05,False,0.9994638547674943,0.023154810137543388,5.615786190301452e-16,4,5,6,"[0.41870322526338144, 0.26610792996301996, 0.14671198551207718, 0.06604266827203209, 0.03177903609932632, 0.01136560579171293, 0.0034883500384492515, 0.00273978419590762, 0.0, 0.0, 0.0, 0.0]",5,0,True
AR-S4U,3,0,NAT,0.0,0.0001,False,0.9998758490975451,0.01114230238572092,4.5986146965389e-16,4,5,6,"[0.46148109946789323, 0.2609404298858274, 0.13212471665856926, 0.07173196230263909, 0.03252473842715296, 0.013245032269837009, 0.0035618150338068985, 0.0, 0.0, 0.0, 0.0, 0.0]",5,0,True
AR-S4U,3,1,NAT,0.0,0.0001,False,0.999887821162538,0.010591451149960393,7.433110103506423e-16,4,5,6,"[0.7694966523468394, 0.22867023991393412, 0.13998553767193883, 0.06102729885565893, 0.028935318990621905, 0.010053249047305713, 0.0038276996820443845, 0.0, 0.0, 0.0, 0.0, 0.0]",5,0,True
AR-S4U,3,2,NAT,1e-05,1e-05,False,0.9997104326312366,0.01701667913440746,4.249867171857283e-16,4,5,6,"[0.47651914794625894, 0.29445393987311363, 0.1713413232631763, 0.07701142529048112, 0.034334673169387875, 0.012688578731139702, 0.00401341725115602, 0.0, 0.0, 0.0, 0.0, 0.0]",5,0,True
AR-S4U,4,0,NAT,1e-05,1e-05,False,0.9998732847712031,0.011256785899932573,4.626172833031489e-16,4,5,6,"[0.43670812366619133, 0.24441111034683946, 0.13087106718041816, 0.06533468693627609, 0.03006996366192383, 0.012398271531624814, 0.003951894403418332, 0.0, 0.0, 0.0, 0.0, 0.0]",5,0,True
AR-S4U,4,1,NAT,0.0,0.0001,False,0.9999059761023501,0.009696592063706426,7.284600014073745e-16,4,5,6,"[0.7408231048235371, 0.19629371115313837, 0.11649833671979296, 0.0512160904830698, 0.02290399544765363, 0.008481947925466207, 0.003612018862838655, 0.0, 0.0, 0.0, 0.0, 0.0]",5,0,True
AR-S4U,4,2,NAT,1e-05,0.0001,False,0.9997529527520681,0.015717736730580897,4.098631642569553e-16,4,5,6,"[0.44460809930498985, 0.2512470984982621, 0.14386089681677464, 0.06699969052581121, 0.03313782414095197, 0.011752580249968062, 0.0035442536279229335, 0.0, 0.0, 0.0, 0.0, 0.0]",5,0,True
