route,channel,sampling_rate_hz,rate_specific_bound,common_bound,bound_ratio_vs_100
PF_KCW,velocity,100,2.4978705155035117,2.4978705155035117,1.0
PF_KCW,velocity,200,1.233529106680167,2.4978705155035117,0.4938322859507858
PF_KCW,velocity,400,0.6088844478131744,2.4978705155035117,0.2437614135856989
J_KCW,attitude,100,0.6059313573594306,0.6059313573594306,1.0
J_KCW,attitude,200,0.30430873340974207,0.6059313573594306,0.5022165129988975
J_KCW,attitude,400,0.15113259807879298,0.6059313573594306,0.2494219786502039
J_KCW,body_rate,100,3.027838659794603,3.027838659794603,1.0
J_KCW,body_rate,200,1.5440938527464654,3.027838659794603,0.5099656970663063
J_KCW,body_rate,400,0.7791675286404353,3.027838659794603,0.25733455979232756
