status,dataset,task_id,target_head,target,information_set,availability_scenario,proxy_policy,view_role,model,model_source,split,prediction_path,prediction_sha256,parameter_count,fit_and_prediction_seconds,test_accessed,ood_accessed,rows,mse,rmse,mae,r2,nrmse,persistence_skill,dynamic_ar_skill,rank
PASS,debutanizer,DEB_C4,DEB_C4__H5__W1,y,input_only,record_time,primary,primary,HAMMERSTEIN_WIENER,CPU_BASELINE,test,final/baseline_test_predictions/DEB_C4__H5__W1/input_only/record_time/primary/HAMMERSTEIN_WIENER.parquet,8e88d733b9a7ea9c53cb801a6e80d6d542b993bc0eb8c8e0ce09a9dcbd481830,57.0,,True,False,432.0,0.0016599424342036496,0.04074239112035092,0.031359758019854994,0.7910473506793732,0.4571133878160066,0.7910626574282962,,1.0
PASS,debutanizer,DEB_C4,DEB_C4__H5__W1,y,input_only,record_time,primary,primary,PARALLEL_HAMMERSTEIN,CPU_BASELINE,test,final/baseline_test_predictions/DEB_C4__H5__W1/input_only/record_time/primary/PARALLEL_HAMMERSTEIN.parquet,119b8d6fe872885f3da24cf7f14d23aec326b67cbe968bf8153c0b4b5414dc33,57.0,,True,False,432.0,0.0016599424342036496,0.04074239112035092,0.031359758019854994,0.7910473506793732,0.4571133878160066,0.7910626574282962,,1.0
PASS,debutanizer,DEB_C4,DEB_C4__H5__W1,y,input_only,record_time,primary,primary,PRISM_V2_1_1_K_C_W,PRISM,test,final/test_predictions/DEB_C4__H5__W1/input_only/record_time/primary/PRISM_V2_1_1_K_C_W.parquet,812f1dc6288c88c2ebc5a7a767bfbab77b1537257a886efb20de0c2f2b5d8217,3.0,0.08488655090332031,True,False,432.0,0.0018402185053674972,0.04289776806976672,0.031662723384247346,0.768354297051359,0.4812958580214887,0.7683712661715193,,3.0
PASS,debutanizer,DEB_C4,DEB_C4__H5__W1,y,input_only,record_time,primary,primary,DPLS,CPU_BASELINE,test,final/baseline_test_predictions/DEB_C4__H5__W1/input_only/record_time/primary/DPLS.parquet,22c7f6e2758322661a958e0c85a85ebbd10afe327befb0a0f1f4465074554707,685.0,,True,False,432.0,0.002018664042196811,0.04492954531482386,0.03350135965230225,0.7458916700881446,0.504091588812842,0.7459102846997222,,4.0
PASS,debutanizer,DEB_C4,DEB_C4__H5__W1,y,input_only,record_time,primary,primary,XGBOOST,CPU_BASELINE,test,final/baseline_test_predictions/DEB_C4__H5__W1/input_only/record_time/primary/XGBOOST.parquet,92776de7c5d9056eee8e077225776a698f49d21c4b436d8564d0f12898d04a76,400.0,,True,False,432.0,0.00479349685738783,0.06923508400650519,0.05462914744424973,0.39659722697443656,0.7767900443656339,0.39664142902105426,,5.0
PASS,debutanizer,DEB_C4,DEB_C4__H5__W1,y,input_only,record_time,primary,primary,PLS,CPU_BASELINE,test,final/baseline_test_predictions/DEB_C4__H5__W1/input_only/record_time/primary/PLS.parquet,29f391bc3c0abd14f5372ecf0d0a32a4c800e7e1f3f5e600bdd45ad0579dbe17,10.0,,True,False,432.0,0.004916763589186574,0.0701196376857908,0.05480836114899063,0.3810804779283774,0.786714384050287,0.3811258166486986,,6.0
PASS,debutanizer,DEB_C4,DEB_C4__H5__W1,y,input_only,record_time,primary,primary,RBF_SVR,CPU_BASELINE,test,final/baseline_test_predictions/DEB_C4__H5__W1/input_only/record_time/primary/RBF_SVR.parquet,e1ee08ba5ba447b70c0a25b602b57f3db20a15b17120f230716bc4c0544aa824,14304.0,,True,False,432.0,0.007872755540831708,0.0887285497505268,0.06577186055037033,0.008981821408989066,0.9954989596132239,0.009054418078556115,,7.0
PASS,debutanizer,DEB_C4,DEB_C4__H5__W1,y,input_only,record_time,primary,primary,PERSISTENCE,CPU_BASELINE,test,final/baseline_test_predictions/DEB_C4__H5__W1/input_only/record_time/primary/PERSISTENCE.parquet,02351764204bec25be338d72830356403f626d570129571a15a5c4aaffd2ed85,0.0,,True,False,432.0,0.007944690086378338,0.08913299100994164,0.06622671883379665,-7.325999620100276e-05,1.0000366293272467,0.0,,8.0
PASS,debutanizer,DEB_C4,DEB_C4__H5__W1,y,input_only,record_time,primary,primary,RIDGE,CPU_BASELINE,test,final/baseline_test_predictions/DEB_C4__H5__W1/input_only/record_time/primary/RIDGE.parquet,9767d7124259b0c1b59b0bfcb4e5178635ed108094a9c52d2e2d7d3e20800bb5,8.0,,True,False,432.0,0.00794595767457327,0.08914010138300983,0.06629377671815842,-0.00023282330762741665,1.0001164048787659,-0.0001595516226751137,,9.0
PASS,debutanizer,DEB_C4,DEB_C4__H5__W1,y,input_only,record_time,primary,primary,MEAN,CPU_BASELINE,test,final/baseline_test_predictions/DEB_C4__H5__W1/input_only/record_time/primary/MEAN.parquet,e32e2e00813823ba123fd1f70b145f5e3027a5f203bfe11abb07a4a32b23fd82,1.0,,True,False,432.0,0.00794615506709832,0.08914120857997337,0.06629455003482781,-0.0002576709711459291,1.0001288271873507,-0.00018439746598719609,,10.0
NOT_RUN_PROTOCOL_INCOMPATIBLE,debutanizer,DEB_C4,DEB_C4__H5__W1,y,input_only,record_time,primary,primary,SEASONAL_PERSISTENCE,CPU_BASELINE,test,,,,,False,False,,,,,,,,,
PASS,metropt,METRO_OIL20,METRO_OIL20__H120__W12,Oil_temperature,input_only,record_time,primary,primary,DPLS,CPU_BASELINE,test,final/baseline_test_predictions/METRO_OIL20__H120__W12/input_only/record_time/primary/DPLS.parquet,de59c6d7fa30263777a2a1d577cafef82a8a75d5b591c9329b3d3da0bb3da0bc,227.0,,True,False,637196.0,13.27198571622274,3.6430736632989924,2.868870066877405,0.16839478121703688,0.9119239106323307,0.168395323489955,,1.0
PASS,metropt,METRO_OIL20,METRO_OIL20__H120__W12,Oil_temperature,input_only,record_time,primary,primary,RIDGE,CPU_BASELINE,test,final/baseline_test_predictions/METRO_OIL20__H120__W12/input_only/record_time/primary/RIDGE.parquet,726f9319c7e7d029072ab28cde41959cb9dedebd10d16a4a3cd09f40e8ac25f5,15.0,,True,False,637196.0,13.40460869548561,3.6612304892598075,2.7519382351648463,0.1600847992713259,0.9164688760283538,0.1600853469630148,,2.0
PASS,metropt,METRO_OIL20,METRO_OIL20__H120__W12,Oil_temperature,input_only,record_time,primary,primary,RBF_SVR,CPU_BASELINE,test,final/baseline_test_predictions/METRO_OIL20__H120__W12/input_only/record_time/primary/RBF_SVR.parquet,e0d9f8f17793c5b14d250a297d65c3c466b38508f68c96c91de46d0a65382441,69600.0,,True,False,637196.0,13.95592614754212,3.735763127868538,2.7938624095081988,0.1255399707777336,0.9351256756298945,0.12554054099540546,,3.0
PASS,metropt,METRO_OIL20,METRO_OIL20__H120__W12,Oil_temperature,input_only,record_time,primary,primary,PRISM_V2_1_1_K_C_W,PRISM,test,final/test_predictions/METRO_OIL20__H120__W12/input_only/record_time/primary/PRISM_V2_1_1_K_C_W.parquet,01a282d12124e82f5dcdc980c476a07f3c18f40432ef439afe74b936276c73f4,10.0,52.54818034172058,True,False,637196.0,14.120998093641706,3.757791651175156,3.0667516262599714,0.11519677912682036,0.9406397933710755,0.115197356089078,,4.0
PASS,metropt,METRO_OIL20,METRO_OIL20__H120__W12,Oil_temperature,input_only,record_time,primary,primary,PLS,CPU_BASELINE,test,final/baseline_test_predictions/METRO_OIL20__H120__W12/input_only/record_time/primary/PLS.parquet,313f5641d1984847302621a1ebd4c4a4b3a83c7beb3fd775574bb3918bb950ce,17.0,,True,False,637196.0,14.475842666027125,3.804713217317059,2.9442081372573545,0.09296268359944004,0.9523850672918807,0.09296327506010094,,5.0
PASS,metropt,METRO_OIL20,METRO_OIL20__H120__W12,Oil_temperature,input_only,record_time,primary,primary,XGBOOST,CPU_BASELINE,test,final/baseline_test_predictions/METRO_OIL20__H120__W12/input_only/record_time/primary/XGBOOST.parquet,ac96a23c9ee716d0cb1aa49597c3ce6898b99114c5e4adad1b808868378d6cbb,400.0,,True,False,637196.0,14.758860490015582,3.8417262382964745,3.0152370639169663,0.07522915792590701,0.9616500621713144,0.07522976095024092,,6.0
PASS,metropt,METRO_OIL20,METRO_OIL20__H120__W12,Oil_temperature,input_only,record_time,primary,primary,PERSISTENCE,CPU_BASELINE,test,final/baseline_test_predictions/METRO_OIL20__H120__W12/input_only/record_time/primary/PERSISTENCE.parquet,1384b74a71d7b3e83dbe0d9e4f7ca32bf9b24fbf93ff2a7f45663fd45d1a8190,0.0,,True,False,637196.0,15.959489035007161,3.994932919963383,2.7559495789683517,-6.520801689724465e-07,1.0000003260400314,0.0,,7.0
PASS,metropt,METRO_OIL20,METRO_OIL20__H120__W12,Oil_temperature,input_only,record_time,primary,primary,MEAN,CPU_BASELINE,test,final/baseline_test_predictions/METRO_OIL20__H120__W12/input_only/record_time/primary/MEAN.parquet,3a7bf06bbe33763c33dfeaa7a364ca1d6f55c6c4d8604b41c83f15e257348ba1,1.0,,True,False,637196.0,15.959507208213727,3.9949351944948654,2.7557349165097764,-1.7907894582780415e-06,1.0000008953943285,-1.1387085467884361e-06,,8.0
PASS,metropt,METRO_OIL20,METRO_OIL20__H120__W12,Oil_temperature,input_only,record_time,primary,primary,HAMMERSTEIN_WIENER,CPU_BASELINE,test,final/baseline_test_predictions/METRO_OIL20__H120__W12/input_only/record_time/primary/HAMMERSTEIN_WIENER.parquet,300b6d9c08c9608403540c06394c50bf3ce06cca222e11451fe89fe798534695,113.0,,True,False,637196.0,16.16074953992919,4.020043474880488,3.1236597931491756,-0.012611371365639057,1.0062859292296793,-0.012610711062275293,,9.0
PASS,metropt,METRO_OIL20,METRO_OIL20__H120__W12,Oil_temperature,input_only,record_time,primary,primary,PARALLEL_HAMMERSTEIN,CPU_BASELINE,test,final/baseline_test_predictions/METRO_OIL20__H120__W12/input_only/record_time/primary/PARALLEL_HAMMERSTEIN.parquet,6572ecd71e55948ee55970a38d0e1750231eb5712f553c84e6b6a1c08cba310a,113.0,,True,False,637196.0,16.16074953992919,4.020043474880488,3.1236597931491756,-0.012611371365639057,1.0062859292296793,-0.012610711062275293,,9.0
NOT_RUN_PROTOCOL_INCOMPATIBLE,metropt,METRO_OIL20,METRO_OIL20__H120__W12,Oil_temperature,input_only,record_time,primary,primary,SEASONAL_PERSISTENCE,CPU_BASELINE,test,,,,,False,False,,,,,,,,,
PASS,metropt,METRO_P60,METRO_P60__H6__W1,Reservoirs,input_only,record_time,proxy_excluded,primary,PARALLEL_HAMMERSTEIN,CPU_BASELINE,test,final/baseline_test_predictions/METRO_P60__H6__W1/input_only/record_time/proxy_excluded/PARALLEL_HAMMERSTEIN.parquet,f02ab1a62436998439161976cced594f7434b27dd2de99d4a5bfa2e3eedb707c,625.0,,True,False,640307.0,0.03878919628880127,0.1969497303598085,0.09077349847494803,0.7380620299333696,0.5117987593445597,0.7380620304565386,,1.0
PASS,metropt,METRO_P60,METRO_P60__H6__W1,Reservoirs,input_only,record_time,proxy_excluded,primary,PRISM_V2_1_1_K_C_W,PRISM,test,final/test_predictions/METRO_P60__H6__W1/input_only/record_time/proxy_excluded/PRISM_V2_1_1_K_C_W.parquet,5bc601c71a688a8324930c5e76f48cc4a943a8ff8ad592f2c60e3f0b4ef6d71d,9.0,139.89501571655273,True,False,640307.0,0.043018553350118505,0.20740914480831965,0.08456867984262696,0.7095017783860014,0.5389788693576018,0.7095017789662138,,2.0
PASS,metropt,METRO_P60,METRO_P60__H6__W1,Reservoirs,input_only,record_time,proxy_excluded,primary,HAMMERSTEIN_WIENER,CPU_BASELINE,test,final/baseline_test_predictions/METRO_P60__H6__W1/input_only/record_time/proxy_excluded/HAMMERSTEIN_WIENER.parquet,4b4f405ef9e79504b0441f14e619865099e2151676d8f10319afc8789ff3068b,469.0,,True,False,640307.0,0.0432054173036842,0.20785912850698715,0.08860429936480137,0.7082399124707812,0.5401482088549575,0.708239913053514,,3.0
PASS,metropt,METRO_P60,METRO_P60__H6__W1,Reservoirs,input_only,record_time,proxy_excluded,primary,XGBOOST,CPU_BASELINE,test,final/baseline_test_predictions/METRO_P60__H6__W1/input_only/record_time/proxy_excluded/XGBOOST.parquet,b4d5ecab898f344a7c8bf99b5a3682865aee4496b478df0bd74b187ab6945207,800.0,,True,False,640307.0,0.05283053869636006,0.2298489475641776,0.10120879591212563,0.6432428256409543,0.5972915321340541,0.6432428263535058,,4.0
PASS,metropt,METRO_P60,METRO_P60__H6__W1,Reservoirs,input_only,record_time,proxy_excluded,primary,DPLS,CPU_BASELINE,test,final/baseline_test_predictions/METRO_P60__H6__W1/input_only/record_time/proxy_excluded/DPLS.parquet,c1430e37a39db51b8fefa1fcedd113b84f4d55951c145a48e76830165b2fcd61,841.0,,True,False,640307.0,0.0655364822932179,0.2560009419772082,0.14152987682936055,0.5574413811159769,0.665250793974741,0.5574413819998998,,5.0
PASS,metropt,METRO_P60,METRO_P60__H6__W1,Reservoirs,input_only,record_time,proxy_excluded,primary,RBF_SVR,CPU_BASELINE,test,final/baseline_test_predictions/METRO_P60__H6__W1/input_only/record_time/proxy_excluded/RBF_SVR.parquet,2be887fa86374e90498c3e02cf4e6129504cee19e195c2f027e66c6e2021528e,41146.0,,True,False,640307.0,0.08016983121873746,0.28314277532498944,0.1308567174020596,0.4586244403294536,0.7357822773555682,0.45862444141074377,,6.0
PASS,metropt,METRO_P60,METRO_P60__H6__W1,Reservoirs,input_only,record_time,proxy_excluded,primary,PLS,CPU_BASELINE,test,final/baseline_test_predictions/METRO_P60__H6__W1/input_only/record_time/proxy_excluded/PLS.parquet,604679f9cf6e15968fdad01369ec783fafebf69a01652a311dc716a88e4d90fc,31.0,,True,False,640307.0,0.0866946709606732,0.2944395879644468,0.16911722220674122,0.41456311809199964,0.7651384723747724,0.4145631192612935,,7.0
PASS,metropt,METRO_P60,METRO_P60__H6__W1,Reservoirs,input_only,record_time,proxy_excluded,primary,RIDGE,CPU_BASELINE,test,final/baseline_test_predictions/METRO_P60__H6__W1/input_only/record_time/proxy_excluded/RIDGE.parquet,84a73177ef2861305b21ee34a1c53e3a91947a0b3eaad8bbaa725a9776d7c049,14.0,,True,False,640307.0,0.08690598262827821,0.2947982066232395,0.1442730659492971,0.41313616021301336,0.7660703882718524,0.4131361613851573,,8.0
PASS,metropt,METRO_P60,METRO_P60__H6__W1,Reservoirs,input_only,record_time,proxy_excluded,primary,PERSISTENCE,CPU_BASELINE,test,final/baseline_test_predictions/METRO_P60__H6__W1/input_only/record_time/proxy_excluded/PERSISTENCE.parquet,14bfb0a67746fd601f65f511b258d7c972be5987331b95fe4765a44f5ce473b1,0.0,,True,False,640307.0,0.1480854278454093,0.38481869477119907,0.23434390690509554,-1.997301435352483e-09,1.0000000009986507,0.0,,9.0
PASS,metropt,METRO_P60,METRO_P60__H6__W1,Reservoirs,input_only,record_time,proxy_excluded,primary,MEAN,CPU_BASELINE,test,final/baseline_test_predictions/METRO_P60__H6__W1/input_only/record_time/proxy_excluded/MEAN.parquet,919754229cf29e4b4942cffce03aa8fbeb9094792688c188868832b497f7d121,1.0,,True,False,640307.0,0.14808542905518804,0.3848186963430806,0.23433083490619647,-1.0166766539754235e-08,1.0000000050833833,-8.169465104401752e-09,,10.0
NOT_RUN_PROTOCOL_INCOMPATIBLE,metropt,METRO_P60,METRO_P60__H6__W1,Reservoirs,input_only,record_time,proxy_excluded,primary,SEASONAL_PERSISTENCE,CPU_BASELINE,test,,,,,False,False,,,,,,,,,
PASS,pmsm,PMSM_PM5,PMSM_PM5__H600__W60,pm,input_only,record_time,proxy_excluded,primary,DPLS,CPU_BASELINE,test,final/baseline_test_predictions/PMSM_PM5__H600__W60/input_only/record_time/proxy_excluded/DPLS.parquet,48de782c4197652d373931473ef9d16216cc1dbd129b05794932252c1665a263,781.0,,True,False,203931.0,12.602917449005792,3.5500587951477356,2.428967875136485,0.4655249502863623,0.7310780052180736,0.46555532271198174,,1.0
PASS,pmsm,PMSM_PM5,PMSM_PM5__H600__W60,pm,input_only,record_time,proxy_excluded,primary,HAMMERSTEIN_WIENER,CPU_BASELINE,test,final/baseline_test_predictions/PMSM_PM5__H600__W60/input_only/record_time/proxy_excluded/HAMMERSTEIN_WIENER.parquet,30deb73bb843a27c4d1c61525f3fd55984d0cd404389f508ea895d8fbdc0018f,65.0,,True,False,203931.0,12.7239188210269,3.567060249144511,2.3880152440586566,0.460393423035781,0.7345791835903186,0.46042408706889415,,2.0
PASS,pmsm,PMSM_PM5,PMSM_PM5__H600__W60,pm,input_only,record_time,proxy_excluded,primary,PARALLEL_HAMMERSTEIN,CPU_BASELINE,test,final/baseline_test_predictions/PMSM_PM5__H600__W60/input_only/record_time/proxy_excluded/PARALLEL_HAMMERSTEIN.parquet,702ab9dd56f3d18b9f179af412b0bcbcb8ff888c25df49fe8b7dbf9f50ec2de4,65.0,,True,False,203931.0,12.7239188210269,3.567060249144511,2.3880152440586566,0.460393423035781,0.7345791835903186,0.46042408706889415,,2.0
PASS,pmsm,PMSM_PM5,PMSM_PM5__H600__W60,pm,input_only,record_time,proxy_excluded,primary,XGBOOST,CPU_BASELINE,test,final/baseline_test_predictions/PMSM_PM5__H600__W60/input_only/record_time/proxy_excluded/XGBOOST.parquet,3cf0d4f69bbfb5b725ff89e2f9cd34e8674e49ace020d14d1204cded054f002b,400.0,,True,False,203931.0,20.605142680340567,4.53928878573952,3.092309914920213,0.12615989884942058,0.9347941490780626,0.126209556253428,,4.0
PASS,pmsm,PMSM_PM5,PMSM_PM5__H600__W60,pm,input_only,record_time,proxy_excluded,primary,PLS,CPU_BASELINE,test,final/baseline_test_predictions/PMSM_PM5__H600__W60/input_only/record_time/proxy_excluded/PLS.parquet,b1ddc8a84f8c6d5521c23433e4442f7586910bc59d160b418d7fa203d1380114,11.0,,True,False,203931.0,21.11105068710629,4.5946763419316365,3.086689229947281,0.10470492954086841,0.9462003331531497,0.1047558061588687,,5.0
PASS,pmsm,PMSM_PM5,PMSM_PM5__H600__W60,pm,input_only,record_time,proxy_excluded,primary,RIDGE,CPU_BASELINE,test,final/baseline_test_predictions/PMSM_PM5__H600__W60/input_only/record_time/proxy_excluded/RIDGE.parquet,1c1897c3fb802bd92d17546ae927b3a2cb0e05aabeb08aa536c7d27318375a3b,9.0,,True,False,203931.0,22.872907911502914,4.782562901991245,3.37656373291687,0.029986616784483333,0.9848925744544512,0.030041739393756317,,6.0
PASS,pmsm,PMSM_PM5,PMSM_PM5__H600__W60,pm,input_only,record_time,proxy_excluded,primary,RBF_SVR,CPU_BASELINE,test,final/baseline_test_predictions/PMSM_PM5__H600__W60/input_only/record_time/proxy_excluded/RBF_SVR.parquet,c25b19c4a0f5f9908d0a27419a4e9d19530c83661b7bba1470a94ea2f0b6fda9,38430.0,,True,False,203931.0,23.203489228041136,4.817000023670452,3.3388345363648995,0.015967048196013134,0.9919843505842152,0.016022967490378126,,7.0
PASS,pmsm,PMSM_PM5,PMSM_PM5__H600__W60,pm,input_only,record_time,proxy_excluded,primary,PERSISTENCE,CPU_BASELINE,test,final/baseline_test_predictions/PMSM_PM5__H600__W60/input_only/record_time/proxy_excluded/PERSISTENCE.parquet,e1ad052e6c2ab79831c1d148660fc91b898f430bdb006aabe261fb1c41f70e4f,0.0,,True,False,203931.0,23.581332146402755,4.85606138206703,3.3785578320394243,-5.682987764710212e-05,1.0000284145351306,0.0,,8.0
PASS,pmsm,PMSM_PM5,PMSM_PM5__H600__W60,pm,input_only,record_time,proxy_excluded,primary,MEAN,CPU_BASELINE,test,final/baseline_test_predictions/PMSM_PM5__H600__W60/input_only/record_time/proxy_excluded/MEAN.parquet,1b5c0783ff58dfc8f143c1bb09892aa5495254273791ef478fb69ca317196a49,1.0,,True,False,203931.0,24.017893501482455,4.90080539314534,3.5272232342549934,-0.018570888459986,1.0092427301992253,-0.018513006490445294,,9.0
PASS,pmsm,PMSM_PM5,PMSM_PM5__H600__W60,pm,input_only,record_time,proxy_excluded,primary,PRISM_V2_1_1_K_C_W,PRISM,test,final/test_predictions/PMSM_PM5__H600__W60/input_only/record_time/proxy_excluded/PRISM_V2_1_1_K_C_W.parquet,0d45ae6299ad167a407af864c77209449da6199fc1f1ae11c5c472822a70d274,1.0,4.16974139213562,True,False,203931.0,24.017893501482455,4.90080539314534,3.5272232342549934,-0.018570888459986,1.0092427301992253,-0.018513006490445294,,9.0
NOT_RUN_PROTOCOL_INCOMPATIBLE,pmsm,PMSM_PM5,PMSM_PM5__H600__W60,pm,input_only,record_time,proxy_excluded,primary,SEASONAL_PERSISTENCE,CPU_BASELINE,test,,,,,False,False,,,,,,,,,
PASS,sru,SRU_H2S,SRU_H2S__H5__W1,y1,input_only,record_time,primary,primary,HAMMERSTEIN_WIENER,CPU_BASELINE,test,final/baseline_test_predictions/SRU_H2S__H5__W1/input_only/record_time/primary/HAMMERSTEIN_WIENER.parquet,d38874e7d10583d24417efe26164db3c46fa44fc4ef3751f55e0bc79fac94a15,26.0,,True,False,1992.0,0.002335790689205412,0.04833001851029453,0.02403094999315484,0.30567281847216343,0.8332629726129901,0.30567346918594995,,1.0
PASS,sru,SRU_H2S,SRU_H2S__H5__W1,y1,input_only,record_time,primary,primary,PARALLEL_HAMMERSTEIN,CPU_BASELINE,test,final/baseline_test_predictions/SRU_H2S__H5__W1/input_only/record_time/primary/PARALLEL_HAMMERSTEIN.parquet,d1d1804f3504c54cfa53d791832d5e90111253404288e8644abebabb3d34a791,26.0,,True,False,1992.0,0.002404677330105616,0.04903750941988812,0.026318889658758865,0.28519586929936325,0.8454608983865762,0.285196539203862,,2.0
PASS,sru,SRU_H2S,SRU_H2S__H5__W1,y1,input_only,record_time,primary,primary,PLS,CPU_BASELINE,test,final/baseline_test_predictions/SRU_H2S__H5__W1/input_only/record_time/primary/PLS.parquet,974990a52d13fec8d4868e7fc5fba155db879baba288552556a033d0d2a72224,8.0,,True,False,1992.0,0.003225529974643091,0.05679374943286533,0.026803764588109066,0.041192711925164605,0.9791870546912043,0.041193610506031875,,3.0
PASS,sru,SRU_H2S,SRU_H2S__H5__W1,y1,input_only,record_time,primary,primary,XGBOOST,CPU_BASELINE,test,final/baseline_test_predictions/SRU_H2S__H5__W1/input_only/record_time/primary/XGBOOST.parquet,d7f158448ca0dd864dc3d7bfcd7bd277aa4382ca030b7b395febc080c3b9896b,400.0,,True,False,1992.0,0.0032923675276638935,0.05737915586398857,0.028032268154864502,0.02132486587902005,0.989280109029278,0.021325783079756522,,4.0
PASS,sru,SRU_H2S,SRU_H2S__H5__W1,y1,input_only,record_time,primary,primary,DPLS,CPU_BASELINE,test,final/baseline_test_predictions/SRU_H2S__H5__W1/input_only/record_time/primary/DPLS.parquet,681d6077bbdca05ad839090ed0de5da4d8896253053b26d7e5baceee8398a13b,53.0,,True,False,1992.0,0.003302007126910232,0.0574630936072035,0.02707849747050149,0.0184594397059048,0.9907272885583072,0.018460359592078923,,5.0
PASS,sru,SRU_H2S,SRU_H2S__H5__W1,y1,input_only,record_time,primary,primary,RBF_SVR,CPU_BASELINE,test,final/baseline_test_predictions/SRU_H2S__H5__W1/input_only/record_time/primary/RBF_SVR.parquet,9974f2cae2b1d934abbaf136e7b4f88d68fdb8cff95a82c576fc3ced3fdaaf47,24252.0,,True,False,1992.0,0.0033602469445264994,0.057967637044531145,0.026481610273098883,0.0011473198292927256,0.9994261754480455,0.0011482559401451153,,6.0
PASS,sru,SRU_H2S,SRU_H2S__H5__W1,y1,input_only,record_time,primary,primary,RIDGE,CPU_BASELINE,test,final/baseline_test_predictions/SRU_H2S__H5__W1/input_only/record_time/primary/RIDGE.parquet,6d556825e95819c79a12ec4ff10e9cf82692079da57ac83c188cbec855530a7a,6.0,,True,False,1992.0,0.0033640885541576988,0.05800076339288733,0.02650998716774886,5.379329192423121e-06,0.9999973103317866,6.316510255510721e-06,,7.0
PASS,sru,SRU_H2S,SRU_H2S__H5__W1,y1,input_only,record_time,primary,primary,MEAN,CPU_BASELINE,test,final/baseline_test_predictions/SRU_H2S__H5__W1/input_only/record_time/primary/MEAN.parquet,13867e207f9b25a09a0ef65e395c8e934aa6e510f768f1bc7d209bf8a5bcf638,1.0,,True,False,1992.0,0.003364108107709433,0.05800093195552493,0.026510107407764615,-4.3307622865640383e-07,1.0000002165380908,5.041102817404663e-07,,8.0
PASS,sru,SRU_H2S,SRU_H2S__H5__W1,y1,input_only,record_time,primary,primary,PRISM_V2_1_1_K_C_W,PRISM,test,final/test_predictions/SRU_H2S__H5__W1/input_only/record_time/primary/PRISM_V2_1_1_K_C_W.parquet,70553a9674c1ca3986b039b4f84d14691ec369f9af2e04f72bbe2a7c55993741,1.0,0.051415205001831055,True,False,1992.0,0.003364108107709433,0.05800093195552493,0.026510107407764615,-4.3307622865640383e-07,1.0000002165380908,5.041102817404663e-07,,8.0
PASS,sru,SRU_H2S,SRU_H2S__H5__W1,y1,input_only,record_time,primary,primary,PERSISTENCE,CPU_BASELINE,test,final/baseline_test_predictions/SRU_H2S__H5__W1/input_only/record_time/primary/PERSISTENCE.parquet,b6db63dcab121f2d9d11dc61287d08e0a5ff74ac76862d28c39ae78c3c203856,0.0,,True,False,1992.0,0.003364109803591774,0.05800094657496353,0.026511025479315692,-9.371869829077895e-07,1.0000004685933817,0.0,,10.0
NOT_RUN_PROTOCOL_INCOMPATIBLE,sru,SRU_H2S,SRU_H2S__H5__W1,y1,input_only,record_time,primary,primary,SEASONAL_PERSISTENCE,CPU_BASELINE,test,,,,,False,False,,,,,,,,,
PASS,sru,SRU_SO2,SRU_SO2__H5__W1,y2,input_only,record_time,primary,primary,PRISM_V2_1_1_K_C_W,PRISM,test,final/test_predictions/SRU_SO2__H5__W1/input_only/record_time/primary/PRISM_V2_1_1_K_C_W.parquet,ab125b86e3285d2dbfd222af391697f2c7c710580066726e8c7f7c9c735c77e7,5.0,0.09493803977966309,True,False,1982.0,0.002199785678733274,0.04690187287020929,0.031017613340276886,0.26010230754448094,0.8601730595964506,0.26011402888385726,,1.0
PASS,sru,SRU_SO2,SRU_SO2__H5__W1,y2,input_only,record_time,primary,primary,HAMMERSTEIN_WIENER,CPU_BASELINE,test,final/baseline_test_predictions/SRU_SO2__H5__W1/input_only/record_time/primary/HAMMERSTEIN_WIENER.parquet,20677f477dd36e4c714332ba432e9a3e4f26404f9dcfcaace2603e5a11a14b3a,26.0,,True,False,1982.0,0.0024326292091850967,0.049321691061693096,0.03541811692870856,0.18178540942570331,0.9045521491734441,0.18179837144869182,,2.0
PASS,sru,SRU_SO2,SRU_SO2__H5__W1,y2,input_only,record_time,primary,primary,PARALLEL_HAMMERSTEIN,CPU_BASELINE,test,final/baseline_test_predictions/SRU_SO2__H5__W1/input_only/record_time/primary/PARALLEL_HAMMERSTEIN.parquet,000f5391cf796bb86e550d4033232b6293bf00134857d30447b3ef62c31c45b0,26.0,,True,False,1982.0,0.0024326292091850967,0.049321691061693096,0.03541811692870856,0.18178540942570331,0.9045521491734441,0.18179837144869182,,2.0
PASS,sru,SRU_SO2,SRU_SO2__H5__W1,y2,input_only,record_time,primary,primary,XGBOOST,CPU_BASELINE,test,final/baseline_test_predictions/SRU_SO2__H5__W1/input_only/record_time/primary/XGBOOST.parquet,0f9ca557dbbe264c17e9b98f9d8ff4ec466a19e90e2ae941d0a58ac9d66aa7d5,400.0,,True,False,1982.0,0.002768636790290106,0.05261783718749856,0.03436888519183374,0.06876929321463798,0.9650029568790772,0.06878404562063023,,4.0
PASS,sru,SRU_SO2,SRU_SO2__H5__W1,y2,input_only,record_time,primary,primary,PLS,CPU_BASELINE,test,final/baseline_test_predictions/SRU_SO2__H5__W1/input_only/record_time/primary/PLS.parquet,87417ef88bf0401cce46ee0e969be876ed2ba99f7b640ced29db7491eed75a2f,8.0,,True,False,1982.0,0.0028262140270722143,0.05316214844296847,0.033793813269430345,0.04940319539660942,0.9749855407150357,0.04941825459718585,,5.0
PASS,sru,SRU_SO2,SRU_SO2__H5__W1,y2,input_only,record_time,primary,primary,DPLS,CPU_BASELINE,test,final/baseline_test_predictions/SRU_SO2__H5__W1/input_only/record_time/primary/DPLS.parquet,8ec52118d583531f1a618a1b434efd660fd9cc928044398ffe8a475c8a27cfac,53.0,,True,False,1982.0,0.0029040099476740867,0.053888866639354056,0.03397778398219621,0.02323654530325836,0.9883134395002131,0.023252019031666515,,6.0
PASS,sru,SRU_SO2,SRU_SO2__H5__W1,y2,input_only,record_time,primary,primary,RBF_SVR,CPU_BASELINE,test,final/baseline_test_predictions/SRU_SO2__H5__W1/input_only/record_time/primary/RBF_SVR.parquet,b3324393b0234418bd27039604839f08d96eb7422b04677c30ad754e360014fd,25308.0,,True,False,1982.0,0.0029678050171289133,0.05447756434651712,0.03379485145354756,0.0017790800892624192,0.9991100639622932,0.0017948937433581724,,7.0
PASS,sru,SRU_SO2,SRU_SO2__H5__W1,y2,input_only,record_time,primary,primary,RIDGE,CPU_BASELINE,test,final/baseline_test_predictions/SRU_SO2__H5__W1/input_only/record_time/primary/RIDGE.parquet,2df6431679627a95b8352b0bf06e3c0c433b592ecee17ccd1a587d0d942a2616,6.0,,True,False,1982.0,0.002973074901068364,0.05452591036441633,0.03382063310550822,6.5551546727382615e-06,0.9999967224172923,2.2396888821440974e-05,,8.0
PASS,sru,SRU_SO2,SRU_SO2__H5__W1,y2,input_only,record_time,primary,primary,MEAN,CPU_BASELINE,test,final/baseline_test_predictions/SRU_SO2__H5__W1/input_only/record_time/primary/MEAN.parquet,251da4577a3a411a61f26a064d3f387f56de89ed6229fa033ffd248e22f70515,1.0,,True,False,1982.0,0.002973097649934081,0.05452611897003198,0.033820723321938265,-1.0964240300115335e-06,1.0000005482118648,1.4745431333729186e-05,,9.0
PASS,sru,SRU_SO2,SRU_SO2__H5__W1,y2,input_only,record_time,primary,primary,PERSISTENCE,CPU_BASELINE,test,final/baseline_test_predictions/SRU_SO2__H5__W1/input_only/record_time/primary/PERSISTENCE.parquet,96cb53c0ef12431b434c4aed6bcb75fef4d92292dde39e591e504e631dde7846,0.0,,True,False,1982.0,0.00297314149018777,0.054526520980049425,0.0338217177053468,-1.5842088962214618e-05,1.0000079210131099,0.0,,10.0
NOT_RUN_PROTOCOL_INCOMPATIBLE,sru,SRU_SO2,SRU_SO2__H5__W1,y2,input_only,record_time,primary,primary,SEASONAL_PERSISTENCE,CPU_BASELINE,test,,,,,False,False,,,,,,,,,
PASS,tep,TEP_G12,TEP_G12__H4__W2,xmeas_40,input_only,record_time,proxy_excluded,primary,HAMMERSTEIN_WIENER,CPU_BASELINE,test,final/baseline_test_predictions/TEP_G12__H4__W2/input_only/record_time/proxy_excluded/HAMMERSTEIN_WIENER.parquet,1daf1047a6f6d1e1233075cd866429a9a4e66bb69630be474600b472e07215bc,95.0,,True,False,7576000.0,0.4491688244270759,0.6702005852183925,0.5347011959165244,0.006853495706974688,0.9965673606400247,0.006853642855980113,,1.0
PASS,tep,TEP_G12,TEP_G12__H4__W2,xmeas_40,input_only,record_time,proxy_excluded,primary,PARALLEL_HAMMERSTEIN,CPU_BASELINE,test,final/baseline_test_predictions/TEP_G12__H4__W2/input_only/record_time/proxy_excluded/PARALLEL_HAMMERSTEIN.parquet,5e0d4d0ee295b02c1a278b8ef201da8919919356513cd0ae97eecd5cf53df182,95.0,,True,False,7576000.0,0.4491688244270759,0.6702005852183925,0.5347011959165244,0.006853495706974688,0.9965673606400247,0.006853642855980113,,1.0
PASS,tep,TEP_G12,TEP_G12__H4__W2,xmeas_40,input_only,record_time,proxy_excluded,primary,DPLS,CPU_BASELINE,test,final/baseline_test_predictions/TEP_G12__H4__W2/input_only/record_time/proxy_excluded/DPLS.parquet,a0091bed2aedcab76a7bb9d0aa278939cd19570b35a369224bb1f467325b6e08,2269.0,,True,False,7576000.0,0.44973399395158237,0.6706220947385959,0.5350351090046674,0.005603862813791438,0.9971941321458968,0.00560401014794798,,3.0
PASS,tep,TEP_G12,TEP_G12__H4__W2,xmeas_40,input_only,record_time,proxy_excluded,primary,XGBOOST,CPU_BASELINE,test,final/baseline_test_predictions/TEP_G12__H4__W2/input_only/record_time/proxy_excluded/XGBOOST.parquet,923d31342ec6f11e8bdd15a04315ccf53d36ee8427e4fd1e29083f73f383bd4a,400.0,,True,False,7576000.0,0.4508386650832504,0.6714452063148939,0.5357042532030637,0.0031613507489595127,0.9984180733796041,0.0031614984450094585,,4.0
PASS,tep,TEP_G12,TEP_G12__H4__W2,xmeas_40,input_only,record_time,proxy_excluded,primary,PLS,CPU_BASELINE,test,final/baseline_test_predictions/TEP_G12__H4__W2/input_only/record_time/proxy_excluded/PLS.parquet,34c6e09c740d00921264bfb93cdd8ab8bf49db755fe668ac9d42e092a6d079dc,50.0,,True,False,7576000.0,0.4512321640916013,0.6717381663204803,0.5359421042528892,0.002291294450896153,0.9988536957678555,0.002291442275857647,,5.0
PASS,tep,TEP_G12,TEP_G12__H4__W2,xmeas_40,input_only,record_time,proxy_excluded,primary,RBF_SVR,CPU_BASELINE,test,final/baseline_test_predictions/TEP_G12__H4__W2/input_only/record_time/proxy_excluded/RBF_SVR.parquet,da8e5c4a47e3e17699b2043557b6585f7d394809330c77be1a618c329902f77b,230592.0,,True,False,7576000.0,0.452156856889722,0.6724260977161148,0.53649535959712,0.0002467281986191505,0.999876628290401,0.0002468763265125462,,6.0
PASS,tep,TEP_G12,TEP_G12__H4__W2,xmeas_40,input_only,record_time,proxy_excluded,primary,RIDGE,CPU_BASELINE,test,final/baseline_test_predictions/TEP_G12__H4__W2/input_only/record_time/proxy_excluded/RIDGE.parquet,19b2493d029881d4dec3f54a79e857f11f9eb2e05c538e937a47a3aaa7722c2d,48.0,,True,False,7576000.0,0.4522487934678784,0.6724944560870955,0.5365432062098339,4.344941735223706e-05,0.9999782750553372,4.3597575364318075e-05,,7.0
PASS,tep,TEP_G12,TEP_G12__H4__W2,xmeas_40,input_only,record_time,proxy_excluded,primary,MEAN,CPU_BASELINE,test,final/baseline_test_predictions/TEP_G12__H4__W2/input_only/record_time/proxy_excluded/MEAN.parquet,7482accbe47b0249f520154fca17c9b545d222c69983b1d396c65290b27de47b,1.0,,True,False,7576000.0,0.4522684453050082,0.6725090670801459,0.5365540463697936,-2.2923103415450896e-09,1.000000001146155,1.4587213992278691e-07,,8.0
PASS,tep,TEP_G12,TEP_G12__H4__W2,xmeas_40,input_only,record_time,proxy_excluded,primary,PRISM_V2_1_1_K_C_W,PRISM,test,final/test_predictions/TEP_G12__H4__W2/input_only/record_time/proxy_excluded/PRISM_V2_1_1_K_C_W.parquet,97eb1cfd790ee013d292667ca8546c9700d8d4b4ab2287f2b0c85ede743ea00e,1.0,57.57271647453308,True,False,7576000.0,0.4522684453050082,0.6725090670801459,0.5365540463697936,-2.2923103415450896e-09,1.000000001146155,1.4587213992278691e-07,,8.0
PASS,tep,TEP_G12,TEP_G12__H4__W2,xmeas_40,input_only,record_time,proxy_excluded,primary,PERSISTENCE,CPU_BASELINE,test,final/baseline_test_predictions/TEP_G12__H4__W2/input_only/record_time/proxy_excluded/PERSISTENCE.parquet,5b3d759e258b5ff979327c5e8737f1a0e7200c908d2641997823a11c59cec24f,0.0,,True,False,7576000.0,0.45226851127838374,0.6725091161303196,0.5365539089229164,-1.4816447180265868e-07,1.000000074082233,0.0,,10.0
NOT_RUN_PROTOCOL_INCOMPATIBLE,tep,TEP_G12,TEP_G12__H4__W2,xmeas_40,input_only,record_time,proxy_excluded,primary,SEASONAL_PERSISTENCE,CPU_BASELINE,test,,,,,False,False,,,,,,,,,
PASS,metropt,METRO_P60,METRO_P60__H6__W1,Reservoirs,input_only,record_time,full_sensor_secondary,secondary,HAMMERSTEIN_WIENER,CPU_BASELINE,test,final/baseline_test_predictions/METRO_P60__H6__W1/input_only/record_time/full_sensor_secondary/HAMMERSTEIN_WIENER.parquet,7774ce6ff5317899624792a0db62dafef0cdcc99674b63e121636d5f3b449478,505.0,,True,False,640307.0,0.04076148337757525,0.20189473340722697,0.08628038139572906,0.7247434534778107,0.5246489745746096,0.724743454027581,,1.0
PASS,metropt,METRO_P60,METRO_P60__H6__W1,Reservoirs,input_only,record_time,full_sensor_secondary,secondary,PRISM_V2_1_1_K_C_W,PRISM,test,final/test_predictions/METRO_P60__H6__W1/input_only/record_time/full_sensor_secondary/PRISM_V2_1_1_K_C_W.parquet,dbb38233bf839ea9c4fecd2cd1e23a9556f311d28273796e066578932adf33f0,10.0,137.77765440940857,True,False,640307.0,0.04240188768152672,0.20591718646467255,0.08525124562925461,0.7136660346453492,0.5351018270896212,0.7136660352172444,,2.0
PASS,metropt,METRO_P60,METRO_P60__H6__W1,Reservoirs,input_only,record_time,full_sensor_secondary,secondary,XGBOOST,CPU_BASELINE,test,final/baseline_test_predictions/METRO_P60__H6__W1/input_only/record_time/full_sensor_secondary/XGBOOST.parquet,10422a953fc51575b1eef468e9631f047496b84326cafd3b82e476338e127dcc,800.0,,True,False,640307.0,0.056105538140147966,0.23686607638103852,0.1034007627634346,0.6211272164417295,0.6155264279933644,0.6211272171984527,,3.0
PASS,metropt,METRO_P60,METRO_P60__H6__W1,Reservoirs,input_only,record_time,full_sensor_secondary,secondary,DPLS,CPU_BASELINE,test,final/baseline_test_predictions/METRO_P60__H6__W1/input_only/record_time/full_sensor_secondary/DPLS.parquet,7c01deae68e4dd91c8ca161fc6e7baf78658075621e1686ea64e741d4faa1aeb,905.0,,True,False,640307.0,0.06689600634489926,0.25864262283100065,0.1496623532429485,0.5482607069998444,0.6721155354551445,0.548260707902104,,4.0
PASS,metropt,METRO_P60,METRO_P60__H6__W1,Reservoirs,input_only,record_time,full_sensor_secondary,secondary,RBF_SVR,CPU_BASELINE,test,final/baseline_test_predictions/METRO_P60__H6__W1/input_only/record_time/full_sensor_secondary/RBF_SVR.parquet,5bafcd454eb318ab328c290d54a1ea5b21c6f56499d93952077caf96fb955417,43635.0,,True,False,640307.0,0.07617579729589995,0.27599963278218315,0.12107182063463018,0.4855955879226137,0.7172199189072946,0.4855955889500344,,5.0
PASS,metropt,METRO_P60,METRO_P60__H6__W1,Reservoirs,input_only,record_time,full_sensor_secondary,secondary,PLS,CPU_BASELINE,test,final/baseline_test_predictions/METRO_P60__H6__W1/input_only/record_time/full_sensor_secondary/PLS.parquet,a6bdcb647ce9cb83b496a6375745752445bbd4cccec9ef64fcc42f4066a7397b,33.0,,True,False,640307.0,0.08100451758037672,0.2846129258842204,0.17149113960496948,0.4529879210888317,0.7396026493402849,0.4529879221813796,,6.0
PASS,metropt,METRO_P60,METRO_P60__H6__W1,Reservoirs,input_only,record_time,full_sensor_secondary,secondary,RIDGE,CPU_BASELINE,test,final/baseline_test_predictions/METRO_P60__H6__W1/input_only/record_time/full_sensor_secondary/RIDGE.parquet,5fe326da02ac182071c37a39048edc3eb747e2fe8caf7a29d0d5cdb972140923,15.0,,True,False,640307.0,0.08260507722906842,0.28741099009792304,0.14503870815833095,0.4421795675919612,0.746873772740775,0.44217956870609665,,7.0
PASS,metropt,METRO_P60,METRO_P60__H6__W1,Reservoirs,input_only,record_time,full_sensor_secondary,secondary,PARALLEL_HAMMERSTEIN,CPU_BASELINE,test,final/baseline_test_predictions/METRO_P60__H6__W1/input_only/record_time/full_sensor_secondary/PARALLEL_HAMMERSTEIN.parquet,580ffbf1668b197b316dd18c2f5321c948f5f81a3d786eb133bbc81cf2af7c65,85.0,,True,False,640307.0,0.08703772829706767,0.295021572596086,0.15280397042334687,0.41224650029866905,0.7666508329750453,0.4122465014725899,,8.0
PASS,metropt,METRO_P60,METRO_P60__H6__W1,Reservoirs,input_only,record_time,full_sensor_secondary,secondary,PERSISTENCE,CPU_BASELINE,test,final/baseline_test_predictions/METRO_P60__H6__W1/input_only/record_time/full_sensor_secondary/PERSISTENCE.parquet,08f9f26c8ea444f3b06262c1f41e295627b34808589cb3fe458bbd9851751a49,0.0,,True,False,640307.0,0.1480854278454093,0.38481869477119907,0.23434390690509554,-1.997301435352483e-09,1.0000000009986507,0.0,,9.0
PASS,metropt,METRO_P60,METRO_P60__H6__W1,Reservoirs,input_only,record_time,full_sensor_secondary,secondary,MEAN,CPU_BASELINE,test,final/baseline_test_predictions/METRO_P60__H6__W1/input_only/record_time/full_sensor_secondary/MEAN.parquet,00f6d5cf793ab74682c8e4bc89070d5eab1515e1d41eaefa6eedd7c2d4a4ac2b,1.0,,True,False,640307.0,0.14808542905518804,0.3848186963430806,0.23433083490619647,-1.0166766539754235e-08,1.0000000050833833,-8.169465104401752e-09,,10.0
NOT_RUN_PROTOCOL_INCOMPATIBLE,metropt,METRO_P60,METRO_P60__H6__W1,Reservoirs,input_only,record_time,full_sensor_secondary,secondary,SEASONAL_PERSISTENCE,CPU_BASELINE,test,,,,,False,False,,,,,,,,,
PASS,pmsm,PMSM_PM5,PMSM_PM5__H600__W60,pm,input_only,record_time,full_sensor_secondary,secondary,DPLS,CPU_BASELINE,test,final/baseline_test_predictions/PMSM_PM5__H600__W60/input_only/record_time/full_sensor_secondary/DPLS.parquet,e8184bc0c31b3544123fd4a53dabc0db1668bde2934b131aac3d1c3cb4dee578,2137.0,,True,False,203931.0,12.13215786896956,3.4831247277365134,2.356549333964468,0.48548931575658794,0.7172940012598823,0.48551855367423435,,1.0
PASS,pmsm,PMSM_PM5,PMSM_PM5__H600__W60,pm,input_only,record_time,full_sensor_secondary,secondary,HAMMERSTEIN_WIENER,CPU_BASELINE,test,final/baseline_test_predictions/PMSM_PM5__H600__W60/input_only/record_time/full_sensor_secondary/HAMMERSTEIN_WIENER.parquet,8131cfb1bfc0570415d6ccbd8f76b33b0a172603442c108d1f9e7c23539d2932,89.0,,True,False,203931.0,12.601975336070202,3.5499261029027354,2.3915234507719947,0.46556490419863084,0.7310506793659173,0.4655952743538033,,2.0
PASS,pmsm,PMSM_PM5,PMSM_PM5__H600__W60,pm,input_only,record_time,full_sensor_secondary,secondary,PARALLEL_HAMMERSTEIN,CPU_BASELINE,test,final/baseline_test_predictions/PMSM_PM5__H600__W60/input_only/record_time/full_sensor_secondary/PARALLEL_HAMMERSTEIN.parquet,dd8159cba4877392a0dcd9ec2b9f3f010e67427c826802a8a87a1fa442a30563,89.0,,True,False,203931.0,12.601975336070202,3.5499261029027354,2.3915234507719947,0.46556490419863084,0.7310506793659173,0.4655952743538033,,2.0
PASS,pmsm,PMSM_PM5,PMSM_PM5__H600__W60,pm,input_only,record_time,full_sensor_secondary,secondary,PRISM_V2_1_1_K_C_W,PRISM,test,final/test_predictions/PMSM_PM5__H600__W60/input_only/record_time/full_sensor_secondary/PRISM_V2_1_1_K_C_W.parquet,73d2013e0560e25e6ed9749ee211ab6c35813e4c7780ffc4eb63cedfe0c5f211,3.0,8.553765535354614,True,False,203931.0,15.127453780909065,3.889402753753983,2.5588316068409784,0.35846230491417275,0.8009604828490774,0.3584987613510756,,4.0
PASS,pmsm,PMSM_PM5,PMSM_PM5__H600__W60,pm,input_only,record_time,full_sensor_secondary,secondary,RBF_SVR,CPU_BASELINE,test,final/baseline_test_predictions/PMSM_PM5__H600__W60/input_only/record_time/full_sensor_secondary/RBF_SVR.parquet,88daedfad73c81d7340533adee2cb69b29da290c87fd697461f7d5ba92b9bac8,52224.0,,True,False,203931.0,16.15523872116963,4.019357998632323,2.6950195363771616,0.3148751427143577,0.8277226934702481,0.3149140760635928,,5.0
PASS,pmsm,PMSM_PM5,PMSM_PM5__H600__W60,pm,input_only,record_time,full_sensor_secondary,secondary,RIDGE,CPU_BASELINE,test,final/baseline_test_predictions/PMSM_PM5__H600__W60/input_only/record_time/full_sensor_secondary/RIDGE.parquet,b0c8642693522f94bd6261dc1013ffc8ba98aa53bc25733c8d8347813a3ee1f5,12.0,,True,False,203931.0,17.55215301868222,4.1895289733670795,2.931566653784674,0.2556336344183854,0.8627666924387001,0.25567593426397095,,6.0
PASS,pmsm,PMSM_PM5,PMSM_PM5__H600__W60,pm,input_only,record_time,full_sensor_secondary,secondary,PLS,CPU_BASELINE,test,final/baseline_test_predictions/PMSM_PM5__H600__W60/input_only/record_time/full_sensor_secondary/PLS.parquet,ba58ca6f300bbf7191bf2f75a2d6fe959cef95c02572b113746bda06fb1cd9a3,105.0,,True,False,203931.0,17.794434868239478,4.218345039021758,2.950216486956605,0.24535874337741903,0.8687009017047126,0.24540162711062308,,7.0
PASS,pmsm,PMSM_PM5,PMSM_PM5__H600__W60,pm,input_only,record_time,full_sensor_secondary,secondary,XGBOOST,CPU_BASELINE,test,final/baseline_test_predictions/PMSM_PM5__H600__W60/input_only/record_time/full_sensor_secondary/XGBOOST.parquet,3ff9022256a04bbafceac4107fe99e6a94b123ff9707ae5f8d20181aa0209f23,400.0,,True,False,203931.0,19.729769103655915,4.44182047179486,3.0143017499642957,0.16328347264172882,0.9147221038972826,0.1633310204374684,,8.0
PASS,pmsm,PMSM_PM5,PMSM_PM5__H600__W60,pm,input_only,record_time,full_sensor_secondary,secondary,PERSISTENCE,CPU_BASELINE,test,final/baseline_test_predictions/PMSM_PM5__H600__W60/input_only/record_time/full_sensor_secondary/PERSISTENCE.parquet,9bab865ebfe444ed58a688ab3145af5d2800ad1640e2aaa495259299c6f4a03f,0.0,,True,False,203931.0,23.581332146402755,4.85606138206703,3.3785578320394243,-5.682987764710212e-05,1.0000284145351306,0.0,,9.0
PASS,pmsm,PMSM_PM5,PMSM_PM5__H600__W60,pm,input_only,record_time,full_sensor_secondary,secondary,MEAN,CPU_BASELINE,test,final/baseline_test_predictions/PMSM_PM5__H600__W60/input_only/record_time/full_sensor_secondary/MEAN.parquet,88e9156dc5dfc1412e874c622a66aa213defc43d53f4f47b0be6b4a3984d7ca2,1.0,,True,False,203931.0,24.017893501482455,4.90080539314534,3.5272232342549934,-0.018570888459986,1.0092427301992253,-0.018513006490445294,,10.0
NOT_RUN_PROTOCOL_INCOMPATIBLE,pmsm,PMSM_PM5,PMSM_PM5__H600__W60,pm,input_only,record_time,full_sensor_secondary,secondary,SEASONAL_PERSISTENCE,CPU_BASELINE,test,,,,,False,False,,,,,,,,,
