dataset,task_id,head,channel,selected_history,anchor_train_rows,selected_native_train_rows,legacy_common_train_rows,reclaimed_train_rows,local_scoring_rows_by_fold,local_scoring_rows,assembly_train_rows,assembly_validation_rows,assembly_test_rows,native_support_hash,local_score_hash,assembly_support_hash,support_contract
debutanizer,DEB_C4,DEB_C4__H5__W1,u1,20,1430,1411,1391,20,"[261, 262, 261, 261]",261,1391,432,432,8a707cf6b217d000343fc08d0d20c12f3fa1d00fe5b6390b7037826d3c0115a0,"[""198c08590058ce3826963d4d496800356b11d8b67db5928be483e23849f0cc6c"", ""a8fb277209cd08980d4efabb68235ac9b47fc18a07ecf411a6a57a0eb4c64c2d"", ""93b9b65bcb6c26760fbad83e017fd802a9525b9d581a66bb8d94fe41bb1b2f83"", ""318cf75d6901731a4962c3f5d73fb1f96c92baf30b463bdd9f82882533feb96b""]",1500bd16d6203c7816a39d7e19b5c263d7e9309ab89396fb17b641709afef6e0,NATIVE_K_COMMON_ASSEMBLY_R1
debutanizer,DEB_C4,DEB_C4__H5__W1,u2,10,1430,1421,1391,30,"[271, 272, 271, 271]",271,1391,432,432,95db99df231843b14dff00b785a7fdcdd1d81d452b633bc93b4e21525942d630,"[""d7982938a38cc8d7ccf51c765b3416549e9608722b259e399ac4845592cff7e6"", ""c4c643ca2192058ceb73e237343a26bcf4630eb8d69c145ccc063c8ef12d3234"", ""d32ef87c3c8366a484b51511036f6834fe49bf175fb63d4fcc886932ef31467d"", ""1258a83b75725291472de2b5b12960de23e9046356ab62db12948f97d7f9b035""]",1500bd16d6203c7816a39d7e19b5c263d7e9309ab89396fb17b641709afef6e0,NATIVE_K_COMMON_ASSEMBLY_R1
debutanizer,DEB_C4,DEB_C4__H5__W1,u3,10,1430,1421,1391,30,"[271, 272, 271, 271]",271,1391,432,432,95db99df231843b14dff00b785a7fdcdd1d81d452b633bc93b4e21525942d630,"[""d7982938a38cc8d7ccf51c765b3416549e9608722b259e399ac4845592cff7e6"", ""c4c643ca2192058ceb73e237343a26bcf4630eb8d69c145ccc063c8ef12d3234"", ""d32ef87c3c8366a484b51511036f6834fe49bf175fb63d4fcc886932ef31467d"", ""1258a83b75725291472de2b5b12960de23e9046356ab62db12948f97d7f9b035""]",1500bd16d6203c7816a39d7e19b5c263d7e9309ab89396fb17b641709afef6e0,NATIVE_K_COMMON_ASSEMBLY_R1
debutanizer,DEB_C4,DEB_C4__H5__W1,u4,40,1430,1391,1391,0,"[241, 242, 241, 241]",241,1391,432,432,1500bd16d6203c7816a39d7e19b5c263d7e9309ab89396fb17b641709afef6e0,"[""d132ded5ba623938f20dee84523f20ad85d613072e70aaad402859a38e1122bc"", ""12cc5ccd63315472d4c3939d17ad720e23fd81ef5bd59d5cff7007fb27d7977b"", ""ed2ebe64e979870da2897a0ddfc1fca8a79ac4c326843be769494a47553bf457"", ""49018f7df332cdf520a601f4b6f581b636eb23d80c254cccf71ee5d2460555a8""]",1500bd16d6203c7816a39d7e19b5c263d7e9309ab89396fb17b641709afef6e0,NATIVE_K_COMMON_ASSEMBLY_R1
debutanizer,DEB_C4,DEB_C4__H5__W1,u5,40,1430,1391,1391,0,"[241, 242, 241, 241]",241,1391,432,432,1500bd16d6203c7816a39d7e19b5c263d7e9309ab89396fb17b641709afef6e0,"[""d132ded5ba623938f20dee84523f20ad85d613072e70aaad402859a38e1122bc"", ""12cc5ccd63315472d4c3939d17ad720e23fd81ef5bd59d5cff7007fb27d7977b"", ""ed2ebe64e979870da2897a0ddfc1fca8a79ac4c326843be769494a47553bf457"", ""49018f7df332cdf520a601f4b6f581b636eb23d80c254cccf71ee5d2460555a8""]",1500bd16d6203c7816a39d7e19b5c263d7e9309ab89396fb17b641709afef6e0,NATIVE_K_COMMON_ASSEMBLY_R1
debutanizer,DEB_C4,DEB_C4__H5__W1,u6,40,1430,1391,1391,0,"[241, 242, 241, 241]",241,1391,432,432,1500bd16d6203c7816a39d7e19b5c263d7e9309ab89396fb17b641709afef6e0,"[""d132ded5ba623938f20dee84523f20ad85d613072e70aaad402859a38e1122bc"", ""12cc5ccd63315472d4c3939d17ad720e23fd81ef5bd59d5cff7007fb27d7977b"", ""ed2ebe64e979870da2897a0ddfc1fca8a79ac4c326843be769494a47553bf457"", ""49018f7df332cdf520a601f4b6f581b636eb23d80c254cccf71ee5d2460555a8""]",1500bd16d6203c7816a39d7e19b5c263d7e9309ab89396fb17b641709afef6e0,NATIVE_K_COMMON_ASSEMBLY_R1
debutanizer,DEB_C4,DEB_C4__H5__W1,u7,40,1430,1391,1391,0,"[241, 242, 241, 241]",241,1391,432,432,1500bd16d6203c7816a39d7e19b5c263d7e9309ab89396fb17b641709afef6e0,"[""d132ded5ba623938f20dee84523f20ad85d613072e70aaad402859a38e1122bc"", ""12cc5ccd63315472d4c3939d17ad720e23fd81ef5bd59d5cff7007fb27d7977b"", ""ed2ebe64e979870da2897a0ddfc1fca8a79ac4c326843be769494a47553bf457"", ""49018f7df332cdf520a601f4b6f581b636eb23d80c254cccf71ee5d2460555a8""]",1500bd16d6203c7816a39d7e19b5c263d7e9309ab89396fb17b641709afef6e0,NATIVE_K_COMMON_ASSEMBLY_R1
metropt,METRO_OIL20,METRO_OIL20__H120__W12,COMP,480,635029,634093,633133,960,"[50000, 50000, 50000, 50000]",50000,633133,208138,637196,973f958dd3e4ccb4b7444340d4384b0c84a0aaec578823b5fd88ded0dd618997,"[""7c68a506feb8dcf2b9a55406368cb04d32009f1d752b8e51af5dbbae714b778a"", ""6ee1f809ff2476103de63092ec40275f0a55d142915fea824d40fbd28ba2cbe3"", ""b2ce5279c8e2efd2d82f998338f48502673d93b94bc8af17f90e307587971896"", ""18e247f82828fab7ad8f6712297ace225681ad39668db7fabefb0e07578faf91""]",f5c353092d529f01df6c897c0fcbda5a6ec36ce84bafb4756638ef2be3b45962,NATIVE_K_COMMON_ASSEMBLY_R1
metropt,METRO_OIL20,METRO_OIL20__H120__W12,Caudal_impulses,960,635029,633133,633133,0,"[50000, 50000, 50000, 50000]",50000,633133,208138,637196,f5c353092d529f01df6c897c0fcbda5a6ec36ce84bafb4756638ef2be3b45962,"[""3a3dfb68b323da780371e51d91d76ad4e415fdb124d8329c1a6b4999ac04a356"", ""6405a20267c7a75be549a5b7d1b286b5e6ae1ccafe684c6dfe578b721f9e018f"", ""00777d750b6a881ac72718f243ecbc6eb29efaff0880bef964145fcfce645f17"", ""f2a9db204bd47f4dc899bdd3689acb38a57b9159f191ab35f4646a0280768c16""]",f5c353092d529f01df6c897c0fcbda5a6ec36ce84bafb4756638ef2be3b45962,NATIVE_K_COMMON_ASSEMBLY_R1
metropt,METRO_OIL20,METRO_OIL20__H120__W12,DV_eletric,480,635029,634093,633133,960,"[50000, 50000, 50000, 50000]",50000,633133,208138,637196,973f958dd3e4ccb4b7444340d4384b0c84a0aaec578823b5fd88ded0dd618997,"[""7c68a506feb8dcf2b9a55406368cb04d32009f1d752b8e51af5dbbae714b778a"", ""6ee1f809ff2476103de63092ec40275f0a55d142915fea824d40fbd28ba2cbe3"", ""b2ce5279c8e2efd2d82f998338f48502673d93b94bc8af17f90e307587971896"", ""18e247f82828fab7ad8f6712297ace225681ad39668db7fabefb0e07578faf91""]",f5c353092d529f01df6c897c0fcbda5a6ec36ce84bafb4756638ef2be3b45962,NATIVE_K_COMMON_ASSEMBLY_R1
metropt,METRO_OIL20,METRO_OIL20__H120__W12,DV_pressure,240,635029,634573,633133,1440,"[50000, 50000, 50000, 50000]",50000,633133,208138,637196,62a90773dc5a0086743dbbe9d18b9d754bfe3550aa4466213f2249b837951aaf,"[""fdce93924742f71b331b7b17197aa4318ee16c1be59330a415aef33db08ec630"", ""efa6f4f49c1380862f406b553458c7b3f8043180a805aede7dc4564109df859a"", ""4003b485c96fa7a30e952adba8db360afc2fe1044870124fe1534998d2c42b6e"", ""a72261af0c0256eb589a0c31efcb7d3b81843be7768ba19f4b7adacebaf676d2""]",f5c353092d529f01df6c897c0fcbda5a6ec36ce84bafb4756638ef2be3b45962,NATIVE_K_COMMON_ASSEMBLY_R1
metropt,METRO_OIL20,METRO_OIL20__H120__W12,H1,240,635029,634573,633133,1440,"[50000, 50000, 50000, 50000]",50000,633133,208138,637196,62a90773dc5a0086743dbbe9d18b9d754bfe3550aa4466213f2249b837951aaf,"[""fdce93924742f71b331b7b17197aa4318ee16c1be59330a415aef33db08ec630"", ""efa6f4f49c1380862f406b553458c7b3f8043180a805aede7dc4564109df859a"", ""4003b485c96fa7a30e952adba8db360afc2fe1044870124fe1534998d2c42b6e"", ""a72261af0c0256eb589a0c31efcb7d3b81843be7768ba19f4b7adacebaf676d2""]",f5c353092d529f01df6c897c0fcbda5a6ec36ce84bafb4756638ef2be3b45962,NATIVE_K_COMMON_ASSEMBLY_R1
metropt,METRO_OIL20,METRO_OIL20__H120__W12,LPS,480,635029,634093,633133,960,"[50000, 50000, 50000, 50000]",50000,633133,208138,637196,973f958dd3e4ccb4b7444340d4384b0c84a0aaec578823b5fd88ded0dd618997,"[""7c68a506feb8dcf2b9a55406368cb04d32009f1d752b8e51af5dbbae714b778a"", ""6ee1f809ff2476103de63092ec40275f0a55d142915fea824d40fbd28ba2cbe3"", ""b2ce5279c8e2efd2d82f998338f48502673d93b94bc8af17f90e307587971896"", ""18e247f82828fab7ad8f6712297ace225681ad39668db7fabefb0e07578faf91""]",f5c353092d529f01df6c897c0fcbda5a6ec36ce84bafb4756638ef2be3b45962,NATIVE_K_COMMON_ASSEMBLY_R1
metropt,METRO_OIL20,METRO_OIL20__H120__W12,MPG,480,635029,634093,633133,960,"[50000, 50000, 50000, 50000]",50000,633133,208138,637196,973f958dd3e4ccb4b7444340d4384b0c84a0aaec578823b5fd88ded0dd618997,"[""7c68a506feb8dcf2b9a55406368cb04d32009f1d752b8e51af5dbbae714b778a"", ""6ee1f809ff2476103de63092ec40275f0a55d142915fea824d40fbd28ba2cbe3"", ""b2ce5279c8e2efd2d82f998338f48502673d93b94bc8af17f90e307587971896"", ""18e247f82828fab7ad8f6712297ace225681ad39668db7fabefb0e07578faf91""]",f5c353092d529f01df6c897c0fcbda5a6ec36ce84bafb4756638ef2be3b45962,NATIVE_K_COMMON_ASSEMBLY_R1
metropt,METRO_OIL20,METRO_OIL20__H120__W12,Motor_current,960,635029,633133,633133,0,"[50000, 50000, 50000, 50000]",50000,633133,208138,637196,f5c353092d529f01df6c897c0fcbda5a6ec36ce84bafb4756638ef2be3b45962,"[""3a3dfb68b323da780371e51d91d76ad4e415fdb124d8329c1a6b4999ac04a356"", ""6405a20267c7a75be549a5b7d1b286b5e6ae1ccafe684c6dfe578b721f9e018f"", ""00777d750b6a881ac72718f243ecbc6eb29efaff0880bef964145fcfce645f17"", ""f2a9db204bd47f4dc899bdd3689acb38a57b9159f191ab35f4646a0280768c16""]",f5c353092d529f01df6c897c0fcbda5a6ec36ce84bafb4756638ef2be3b45962,NATIVE_K_COMMON_ASSEMBLY_R1
metropt,METRO_OIL20,METRO_OIL20__H120__W12,Oil_level,240,635029,634573,633133,1440,"[50000, 50000, 50000, 50000]",50000,633133,208138,637196,62a90773dc5a0086743dbbe9d18b9d754bfe3550aa4466213f2249b837951aaf,"[""fdce93924742f71b331b7b17197aa4318ee16c1be59330a415aef33db08ec630"", ""efa6f4f49c1380862f406b553458c7b3f8043180a805aede7dc4564109df859a"", ""4003b485c96fa7a30e952adba8db360afc2fe1044870124fe1534998d2c42b6e"", ""a72261af0c0256eb589a0c31efcb7d3b81843be7768ba19f4b7adacebaf676d2""]",f5c353092d529f01df6c897c0fcbda5a6ec36ce84bafb4756638ef2be3b45962,NATIVE_K_COMMON_ASSEMBLY_R1
metropt,METRO_OIL20,METRO_OIL20__H120__W12,Pressure_switch,960,635029,633133,633133,0,"[50000, 50000, 50000, 50000]",50000,633133,208138,637196,f5c353092d529f01df6c897c0fcbda5a6ec36ce84bafb4756638ef2be3b45962,"[""3a3dfb68b323da780371e51d91d76ad4e415fdb124d8329c1a6b4999ac04a356"", ""6405a20267c7a75be549a5b7d1b286b5e6ae1ccafe684c6dfe578b721f9e018f"", ""00777d750b6a881ac72718f243ecbc6eb29efaff0880bef964145fcfce645f17"", ""f2a9db204bd47f4dc899bdd3689acb38a57b9159f191ab35f4646a0280768c16""]",f5c353092d529f01df6c897c0fcbda5a6ec36ce84bafb4756638ef2be3b45962,NATIVE_K_COMMON_ASSEMBLY_R1
metropt,METRO_OIL20,METRO_OIL20__H120__W12,Reservoirs,240,635029,634573,633133,1440,"[50000, 50000, 50000, 50000]",50000,633133,208138,637196,62a90773dc5a0086743dbbe9d18b9d754bfe3550aa4466213f2249b837951aaf,"[""fdce93924742f71b331b7b17197aa4318ee16c1be59330a415aef33db08ec630"", ""efa6f4f49c1380862f406b553458c7b3f8043180a805aede7dc4564109df859a"", ""4003b485c96fa7a30e952adba8db360afc2fe1044870124fe1534998d2c42b6e"", ""a72261af0c0256eb589a0c31efcb7d3b81843be7768ba19f4b7adacebaf676d2""]",f5c353092d529f01df6c897c0fcbda5a6ec36ce84bafb4756638ef2be3b45962,NATIVE_K_COMMON_ASSEMBLY_R1
metropt,METRO_OIL20,METRO_OIL20__H120__W12,TP2,480,635029,634093,633133,960,"[50000, 50000, 50000, 50000]",50000,633133,208138,637196,973f958dd3e4ccb4b7444340d4384b0c84a0aaec578823b5fd88ded0dd618997,"[""7c68a506feb8dcf2b9a55406368cb04d32009f1d752b8e51af5dbbae714b778a"", ""6ee1f809ff2476103de63092ec40275f0a55d142915fea824d40fbd28ba2cbe3"", ""b2ce5279c8e2efd2d82f998338f48502673d93b94bc8af17f90e307587971896"", ""18e247f82828fab7ad8f6712297ace225681ad39668db7fabefb0e07578faf91""]",f5c353092d529f01df6c897c0fcbda5a6ec36ce84bafb4756638ef2be3b45962,NATIVE_K_COMMON_ASSEMBLY_R1
metropt,METRO_OIL20,METRO_OIL20__H120__W12,TP3,240,635029,634573,633133,1440,"[50000, 50000, 50000, 50000]",50000,633133,208138,637196,62a90773dc5a0086743dbbe9d18b9d754bfe3550aa4466213f2249b837951aaf,"[""fdce93924742f71b331b7b17197aa4318ee16c1be59330a415aef33db08ec630"", ""efa6f4f49c1380862f406b553458c7b3f8043180a805aede7dc4564109df859a"", ""4003b485c96fa7a30e952adba8db360afc2fe1044870124fe1534998d2c42b6e"", ""a72261af0c0256eb589a0c31efcb7d3b81843be7768ba19f4b7adacebaf676d2""]",f5c353092d529f01df6c897c0fcbda5a6ec36ce84bafb4756638ef2be3b45962,NATIVE_K_COMMON_ASSEMBLY_R1
metropt,METRO_OIL20,METRO_OIL20__H120__W12,Towers,480,635029,634093,633133,960,"[50000, 50000, 50000, 50000]",50000,633133,208138,637196,973f958dd3e4ccb4b7444340d4384b0c84a0aaec578823b5fd88ded0dd618997,"[""7c68a506feb8dcf2b9a55406368cb04d32009f1d752b8e51af5dbbae714b778a"", ""6ee1f809ff2476103de63092ec40275f0a55d142915fea824d40fbd28ba2cbe3"", ""b2ce5279c8e2efd2d82f998338f48502673d93b94bc8af17f90e307587971896"", ""18e247f82828fab7ad8f6712297ace225681ad39668db7fabefb0e07578faf91""]",f5c353092d529f01df6c897c0fcbda5a6ec36ce84bafb4756638ef2be3b45962,NATIVE_K_COMMON_ASSEMBLY_R1
metropt,METRO_P60,METRO_P60__H6__W1,COMP,48,635301,635207,635207,0,"[50000, 50000, 50000, 50000]",50000,635207,210212,640307,42d5777d0d14c677e1eeb5b1328abd95315e0f07b70c9b07322f3cc2e9725e22,"[""4a847e16511707157c0ad6609b283cfd9d1229b41371f5b45a89e9d547abaf99"", ""1d3027bb4165056b8428850be1b4da071d136b4ccc3a7d812c001f9322cfa1be"", ""d92a2e028bbd7f6c2efb24f959e84df66bb2d83383770a6d741132547554b75f"", ""058b6944f32f15f023c972e56459fcde87eac47ffe4ac8948b7842d539dcfb71""]",42d5777d0d14c677e1eeb5b1328abd95315e0f07b70c9b07322f3cc2e9725e22,NATIVE_K_COMMON_ASSEMBLY_R1
metropt,METRO_P60,METRO_P60__H6__W1,Caudal_impulses,48,635301,635207,635207,0,"[50000, 50000, 50000, 50000]",50000,635207,210212,640307,42d5777d0d14c677e1eeb5b1328abd95315e0f07b70c9b07322f3cc2e9725e22,"[""4a847e16511707157c0ad6609b283cfd9d1229b41371f5b45a89e9d547abaf99"", ""1d3027bb4165056b8428850be1b4da071d136b4ccc3a7d812c001f9322cfa1be"", ""d92a2e028bbd7f6c2efb24f959e84df66bb2d83383770a6d741132547554b75f"", ""058b6944f32f15f023c972e56459fcde87eac47ffe4ac8948b7842d539dcfb71""]",42d5777d0d14c677e1eeb5b1328abd95315e0f07b70c9b07322f3cc2e9725e22,NATIVE_K_COMMON_ASSEMBLY_R1
metropt,METRO_P60,METRO_P60__H6__W1,DV_eletric,48,635301,635207,635207,0,"[50000, 50000, 50000, 50000]",50000,635207,210212,640307,42d5777d0d14c677e1eeb5b1328abd95315e0f07b70c9b07322f3cc2e9725e22,"[""4a847e16511707157c0ad6609b283cfd9d1229b41371f5b45a89e9d547abaf99"", ""1d3027bb4165056b8428850be1b4da071d136b4ccc3a7d812c001f9322cfa1be"", ""d92a2e028bbd7f6c2efb24f959e84df66bb2d83383770a6d741132547554b75f"", ""058b6944f32f15f023c972e56459fcde87eac47ffe4ac8948b7842d539dcfb71""]",42d5777d0d14c677e1eeb5b1328abd95315e0f07b70c9b07322f3cc2e9725e22,NATIVE_K_COMMON_ASSEMBLY_R1
metropt,METRO_P60,METRO_P60__H6__W1,DV_pressure,12,635301,635279,635207,72,"[50000, 50000, 50000, 50000]",50000,635207,210212,640307,bf08d2b3a7a066824663ce3115d0f3883d9262627c49be97f58ffe48598a1e04,"[""2185d876ac51c382886307e4bc860310872c827f96d759fb21770fd5bb077867"", ""d0e7ed6768f70a0e57210606d2829aa73e76dc071b0f133e9f0e6d51cd4a8283"", ""7d3570afe1088e9b2f78ceb95c32784d9409dbddcf56a7654f7ee5f81e2edcc7"", ""bbca173908d78d96392ac15a115538a370f65f1890f55fa57a62ef3d0edb43f3""]",42d5777d0d14c677e1eeb5b1328abd95315e0f07b70c9b07322f3cc2e9725e22,NATIVE_K_COMMON_ASSEMBLY_R1
metropt,METRO_P60,METRO_P60__H6__W1,H1,48,635301,635207,635207,0,"[50000, 50000, 50000, 50000]",50000,635207,210212,640307,42d5777d0d14c677e1eeb5b1328abd95315e0f07b70c9b07322f3cc2e9725e22,"[""4a847e16511707157c0ad6609b283cfd9d1229b41371f5b45a89e9d547abaf99"", ""1d3027bb4165056b8428850be1b4da071d136b4ccc3a7d812c001f9322cfa1be"", ""d92a2e028bbd7f6c2efb24f959e84df66bb2d83383770a6d741132547554b75f"", ""058b6944f32f15f023c972e56459fcde87eac47ffe4ac8948b7842d539dcfb71""]",42d5777d0d14c677e1eeb5b1328abd95315e0f07b70c9b07322f3cc2e9725e22,NATIVE_K_COMMON_ASSEMBLY_R1
metropt,METRO_P60,METRO_P60__H6__W1,LPS,48,635301,635207,635207,0,"[50000, 50000, 50000, 50000]",50000,635207,210212,640307,42d5777d0d14c677e1eeb5b1328abd95315e0f07b70c9b07322f3cc2e9725e22,"[""4a847e16511707157c0ad6609b283cfd9d1229b41371f5b45a89e9d547abaf99"", ""1d3027bb4165056b8428850be1b4da071d136b4ccc3a7d812c001f9322cfa1be"", ""d92a2e028bbd7f6c2efb24f959e84df66bb2d83383770a6d741132547554b75f"", ""058b6944f32f15f023c972e56459fcde87eac47ffe4ac8948b7842d539dcfb71""]",42d5777d0d14c677e1eeb5b1328abd95315e0f07b70c9b07322f3cc2e9725e22,NATIVE_K_COMMON_ASSEMBLY_R1
metropt,METRO_P60,METRO_P60__H6__W1,MPG,48,635301,635207,635207,0,"[50000, 50000, 50000, 50000]",50000,635207,210212,640307,42d5777d0d14c677e1eeb5b1328abd95315e0f07b70c9b07322f3cc2e9725e22,"[""4a847e16511707157c0ad6609b283cfd9d1229b41371f5b45a89e9d547abaf99"", ""1d3027bb4165056b8428850be1b4da071d136b4ccc3a7d812c001f9322cfa1be"", ""d92a2e028bbd7f6c2efb24f959e84df66bb2d83383770a6d741132547554b75f"", ""058b6944f32f15f023c972e56459fcde87eac47ffe4ac8948b7842d539dcfb71""]",42d5777d0d14c677e1eeb5b1328abd95315e0f07b70c9b07322f3cc2e9725e22,NATIVE_K_COMMON_ASSEMBLY_R1
metropt,METRO_P60,METRO_P60__H6__W1,Motor_current,12,635301,635279,635207,72,"[50000, 50000, 50000, 50000]",50000,635207,210212,640307,bf08d2b3a7a066824663ce3115d0f3883d9262627c49be97f58ffe48598a1e04,"[""2185d876ac51c382886307e4bc860310872c827f96d759fb21770fd5bb077867"", ""d0e7ed6768f70a0e57210606d2829aa73e76dc071b0f133e9f0e6d51cd4a8283"", ""7d3570afe1088e9b2f78ceb95c32784d9409dbddcf56a7654f7ee5f81e2edcc7"", ""bbca173908d78d96392ac15a115538a370f65f1890f55fa57a62ef3d0edb43f3""]",42d5777d0d14c677e1eeb5b1328abd95315e0f07b70c9b07322f3cc2e9725e22,NATIVE_K_COMMON_ASSEMBLY_R1
metropt,METRO_P60,METRO_P60__H6__W1,Oil_level,24,635301,635255,635207,48,"[50000, 50000, 50000, 50000]",50000,635207,210212,640307,8c8b72d788ce1ee7f3a0477e7b68331f2a46e9e2ff03788ec8da95bf513d7002,"[""06a0212ee6c3bd543ed2054efd7310831ac48dab2a78b88cd2add3f98ac5769e"", ""bd1910cacfd88c00bf25e826eb3a868d2640fdd7aab5c919d34497a713ed0d57"", ""6a9cb9ae3c30df8abbe351688c913932e1f395adde841b98bf266d02afc5fb3d"", ""a5abcd75f67442f38ce80be0004d4d72e6790a3d40a11f3d6a91d1ae8c6b6243""]",42d5777d0d14c677e1eeb5b1328abd95315e0f07b70c9b07322f3cc2e9725e22,NATIVE_K_COMMON_ASSEMBLY_R1
metropt,METRO_P60,METRO_P60__H6__W1,Oil_temperature,12,635301,635279,635207,72,"[50000, 50000, 50000, 50000]",50000,635207,210212,640307,bf08d2b3a7a066824663ce3115d0f3883d9262627c49be97f58ffe48598a1e04,"[""2185d876ac51c382886307e4bc860310872c827f96d759fb21770fd5bb077867"", ""d0e7ed6768f70a0e57210606d2829aa73e76dc071b0f133e9f0e6d51cd4a8283"", ""7d3570afe1088e9b2f78ceb95c32784d9409dbddcf56a7654f7ee5f81e2edcc7"", ""bbca173908d78d96392ac15a115538a370f65f1890f55fa57a62ef3d0edb43f3""]",42d5777d0d14c677e1eeb5b1328abd95315e0f07b70c9b07322f3cc2e9725e22,NATIVE_K_COMMON_ASSEMBLY_R1
metropt,METRO_P60,METRO_P60__H6__W1,Pressure_switch,12,635301,635279,635207,72,"[50000, 50000, 50000, 50000]",50000,635207,210212,640307,bf08d2b3a7a066824663ce3115d0f3883d9262627c49be97f58ffe48598a1e04,"[""2185d876ac51c382886307e4bc860310872c827f96d759fb21770fd5bb077867"", ""d0e7ed6768f70a0e57210606d2829aa73e76dc071b0f133e9f0e6d51cd4a8283"", ""7d3570afe1088e9b2f78ceb95c32784d9409dbddcf56a7654f7ee5f81e2edcc7"", ""bbca173908d78d96392ac15a115538a370f65f1890f55fa57a62ef3d0edb43f3""]",42d5777d0d14c677e1eeb5b1328abd95315e0f07b70c9b07322f3cc2e9725e22,NATIVE_K_COMMON_ASSEMBLY_R1
metropt,METRO_P60,METRO_P60__H6__W1,TP2,48,635301,635207,635207,0,"[50000, 50000, 50000, 50000]",50000,635207,210212,640307,42d5777d0d14c677e1eeb5b1328abd95315e0f07b70c9b07322f3cc2e9725e22,"[""4a847e16511707157c0ad6609b283cfd9d1229b41371f5b45a89e9d547abaf99"", ""1d3027bb4165056b8428850be1b4da071d136b4ccc3a7d812c001f9322cfa1be"", ""d92a2e028bbd7f6c2efb24f959e84df66bb2d83383770a6d741132547554b75f"", ""058b6944f32f15f023c972e56459fcde87eac47ffe4ac8948b7842d539dcfb71""]",42d5777d0d14c677e1eeb5b1328abd95315e0f07b70c9b07322f3cc2e9725e22,NATIVE_K_COMMON_ASSEMBLY_R1
metropt,METRO_P60,METRO_P60__H6__W1,Towers,48,635301,635207,635207,0,"[50000, 50000, 50000, 50000]",50000,635207,210212,640307,42d5777d0d14c677e1eeb5b1328abd95315e0f07b70c9b07322f3cc2e9725e22,"[""4a847e16511707157c0ad6609b283cfd9d1229b41371f5b45a89e9d547abaf99"", ""1d3027bb4165056b8428850be1b4da071d136b4ccc3a7d812c001f9322cfa1be"", ""d92a2e028bbd7f6c2efb24f959e84df66bb2d83383770a6d741132547554b75f"", ""058b6944f32f15f023c972e56459fcde87eac47ffe4ac8948b7842d539dcfb71""]",42d5777d0d14c677e1eeb5b1328abd95315e0f07b70c9b07322f3cc2e9725e22,NATIVE_K_COMMON_ASSEMBLY_R1
pmsm,PMSM_PM5,PMSM_PM5__H600__W60,ambient,4800,807729,613661,613661,0,"[50000, 50000, 50000, 50000]",50000,807729,241465,203931,07fde37ed60f6fbe98d9117c8386d8d4b6d5381e276784c7a8454fed901b2dc3,"[""9cf4af058af4e9346a4345cc47d854889e5b6fa7f4f1a435a162b2e5c1069bf6"", ""ec62bda7e0d3e51bfe3e07e5c2a13990feb291cbf4e7d7ad1a8b5922c17aa2b7"", ""1238a9f1694cd4de4ce72bb75b7ab840b2930b5bb232a63d07b1f625c39af86b"", ""b1486763b98278a4b1ec7dbaa442c8a8608e169982fe647f9b70e65a9700548f""]",ea9999c9d7c2f1f0c8e49c162bd62ec6b801fd927d6648a710cd8a87ddc198a4,NATIVE_K_COMMON_ASSEMBLY_R1
pmsm,PMSM_PM5,PMSM_PM5__H600__W60,coolant,2400,807729,710328,613661,96667,"[50000, 50000, 50000, 50000]",50000,807729,241465,203931,bf20c7c518f10b4e5c542df2aa617392f54d7254dca214a0e23101a0719d1b12,"[""52c73d27ccdaea61daf7a7915e91e1b9d1df46ffa56cc80f5fe54ba00bc11503"", ""8abd8cc999ebe22fb646cd29dd84fa69a8fe00cb545afd0fa8b21c76ed20ebfc"", ""1b88eee064e65c5ead78c62c9507cdf43c9634a9429a879ee6a4064ef70ff199"", ""7f66c373f254d53bf777564e3326b2288caa5f74a2f9391a0e86219cc6424cef""]",ea9999c9d7c2f1f0c8e49c162bd62ec6b801fd927d6648a710cd8a87ddc198a4,NATIVE_K_COMMON_ASSEMBLY_R1
pmsm,PMSM_PM5,PMSM_PM5__H600__W60,i_d,2400,807729,710328,613661,96667,"[50000, 50000, 50000, 50000]",50000,807729,241465,203931,bf20c7c518f10b4e5c542df2aa617392f54d7254dca214a0e23101a0719d1b12,"[""52c73d27ccdaea61daf7a7915e91e1b9d1df46ffa56cc80f5fe54ba00bc11503"", ""8abd8cc999ebe22fb646cd29dd84fa69a8fe00cb545afd0fa8b21c76ed20ebfc"", ""1b88eee064e65c5ead78c62c9507cdf43c9634a9429a879ee6a4064ef70ff199"", ""7f66c373f254d53bf777564e3326b2288caa5f74a2f9391a0e86219cc6424cef""]",ea9999c9d7c2f1f0c8e49c162bd62ec6b801fd927d6648a710cd8a87ddc198a4,NATIVE_K_COMMON_ASSEMBLY_R1
pmsm,PMSM_PM5,PMSM_PM5__H600__W60,i_q,1200,807729,759849,613661,146188,"[50000, 50000, 50000, 50000]",50000,807729,241465,203931,4940d12a55297ad238d594c5364348de4fce279688857789b20673afd3126462,"[""75e481e568b472426ef760faf198b0022be6f6b540f8d04f00ec7a905228e710"", ""d7aca89959607ca6af9bc857aeb85b776fc4920af3b27c65fbe42dc91a886985"", ""9a291ee507611fa42206a7b533f1a95477f1e0e10283fce11d7998186bddaa6a"", ""71e76c25ea1c97ca7d7a1fabadeea250840727821b6f51fb21613c513c93612e""]",ea9999c9d7c2f1f0c8e49c162bd62ec6b801fd927d6648a710cd8a87ddc198a4,NATIVE_K_COMMON_ASSEMBLY_R1
pmsm,PMSM_PM5,PMSM_PM5__H600__W60,motor_speed,2400,807729,710328,613661,96667,"[50000, 50000, 50000, 50000]",50000,807729,241465,203931,bf20c7c518f10b4e5c542df2aa617392f54d7254dca214a0e23101a0719d1b12,"[""52c73d27ccdaea61daf7a7915e91e1b9d1df46ffa56cc80f5fe54ba00bc11503"", ""8abd8cc999ebe22fb646cd29dd84fa69a8fe00cb545afd0fa8b21c76ed20ebfc"", ""1b88eee064e65c5ead78c62c9507cdf43c9634a9429a879ee6a4064ef70ff199"", ""7f66c373f254d53bf777564e3326b2288caa5f74a2f9391a0e86219cc6424cef""]",ea9999c9d7c2f1f0c8e49c162bd62ec6b801fd927d6648a710cd8a87ddc198a4,NATIVE_K_COMMON_ASSEMBLY_R1
pmsm,PMSM_PM5,PMSM_PM5__H600__W60,torque,1200,807729,759849,613661,146188,"[50000, 50000, 50000, 50000]",50000,807729,241465,203931,4940d12a55297ad238d594c5364348de4fce279688857789b20673afd3126462,"[""75e481e568b472426ef760faf198b0022be6f6b540f8d04f00ec7a905228e710"", ""d7aca89959607ca6af9bc857aeb85b776fc4920af3b27c65fbe42dc91a886985"", ""9a291ee507611fa42206a7b533f1a95477f1e0e10283fce11d7998186bddaa6a"", ""71e76c25ea1c97ca7d7a1fabadeea250840727821b6f51fb21613c513c93612e""]",ea9999c9d7c2f1f0c8e49c162bd62ec6b801fd927d6648a710cd8a87ddc198a4,NATIVE_K_COMMON_ASSEMBLY_R1
pmsm,PMSM_PM5,PMSM_PM5__H600__W60,u_d,1200,807729,759849,613661,146188,"[50000, 50000, 50000, 50000]",50000,807729,241465,203931,4940d12a55297ad238d594c5364348de4fce279688857789b20673afd3126462,"[""75e481e568b472426ef760faf198b0022be6f6b540f8d04f00ec7a905228e710"", ""d7aca89959607ca6af9bc857aeb85b776fc4920af3b27c65fbe42dc91a886985"", ""9a291ee507611fa42206a7b533f1a95477f1e0e10283fce11d7998186bddaa6a"", ""71e76c25ea1c97ca7d7a1fabadeea250840727821b6f51fb21613c513c93612e""]",ea9999c9d7c2f1f0c8e49c162bd62ec6b801fd927d6648a710cd8a87ddc198a4,NATIVE_K_COMMON_ASSEMBLY_R1
pmsm,PMSM_PM5,PMSM_PM5__H600__W60,u_q,1200,807729,759849,613661,146188,"[50000, 50000, 50000, 50000]",50000,807729,241465,203931,4940d12a55297ad238d594c5364348de4fce279688857789b20673afd3126462,"[""75e481e568b472426ef760faf198b0022be6f6b540f8d04f00ec7a905228e710"", ""d7aca89959607ca6af9bc857aeb85b776fc4920af3b27c65fbe42dc91a886985"", ""9a291ee507611fa42206a7b533f1a95477f1e0e10283fce11d7998186bddaa6a"", ""71e76c25ea1c97ca7d7a1fabadeea250840727821b6f51fb21613c513c93612e""]",ea9999c9d7c2f1f0c8e49c162bd62ec6b801fd927d6648a710cd8a87ddc198a4,NATIVE_K_COMMON_ASSEMBLY_R1
sru,SRU_H2S,SRU_H2S__H5__W1,u1,20,6042,6023,6003,20,"[1183, 1184, 1183, 1184]",1183,6042,2000,1992,bb4425ea7ff8e27e4045126a75ae25e26d4e19464cead4eeffd62c034f033bfd,"[""34ab9edfcc80bdb16a5e7df4994af0b5a46d0ea45363499465b24fe6db0a52f7"", ""8e4fee0b53aefc638b432651444e4ca5712a1a91d5c2dfe2f26f42399d0ae5ed"", ""bf43ae23a40f5a186d977038cb538628d920ba8bab08916e5c17f21e35506e88"", ""453cd7f957d528d81fc9c87cc3af6e9251024fbe94b6d942999a73d8cf1ea855""]",33da6e7c9f6b20985b1f8ec983a50d8c91e34374efe6c967ac7f2360fa83d11a,NATIVE_K_COMMON_ASSEMBLY_R1
sru,SRU_H2S,SRU_H2S__H5__W1,u2,40,6042,6003,6003,0,"[1163, 1164, 1163, 1164]",1163,6042,2000,1992,716b06f4418c1ad617cfde4111b76c2303d23ea4542179aee4fcf3e744567ec1,"[""416498f545f328ee1f7b297c382279d6cf70cc2b77714a86f1f9945eb5a9bac6"", ""8e71477d29926c3ecd5fae9e5839d6de5976af0975fea66bd90ec4b8a2b4f37d"", ""d84c4f564b88a4ba1edc1c78255afe252ae1f672365ae7368bc994c0d222bc95"", ""1dd5aef0a56095c8c755c0eed5caff130548944741d0d12e59abd95729d89f1f""]",33da6e7c9f6b20985b1f8ec983a50d8c91e34374efe6c967ac7f2360fa83d11a,NATIVE_K_COMMON_ASSEMBLY_R1
sru,SRU_H2S,SRU_H2S__H5__W1,u3,20,6042,6023,6003,20,"[1183, 1184, 1183, 1184]",1183,6042,2000,1992,bb4425ea7ff8e27e4045126a75ae25e26d4e19464cead4eeffd62c034f033bfd,"[""34ab9edfcc80bdb16a5e7df4994af0b5a46d0ea45363499465b24fe6db0a52f7"", ""8e4fee0b53aefc638b432651444e4ca5712a1a91d5c2dfe2f26f42399d0ae5ed"", ""bf43ae23a40f5a186d977038cb538628d920ba8bab08916e5c17f21e35506e88"", ""453cd7f957d528d81fc9c87cc3af6e9251024fbe94b6d942999a73d8cf1ea855""]",33da6e7c9f6b20985b1f8ec983a50d8c91e34374efe6c967ac7f2360fa83d11a,NATIVE_K_COMMON_ASSEMBLY_R1
sru,SRU_H2S,SRU_H2S__H5__W1,u4,10,6042,6033,6003,30,"[1193, 1194, 1193, 1194]",1193,6042,2000,1992,55b2f8028a805903e7a95d424ad640981d3ff37a58ff717451b40b14272a97be,"[""791d7c8a257e3a12940409fab8a3fc247d2ea766e7c7e17d767a12430a853a0a"", ""a81f0ce63336a876e1365a0f675a9cdbb0b0c374309d3875260f8b2dc6ffd10e"", ""b3173946dd5d2eef772aded4fa115446fee5d5e71807fd666046afe255f6522e"", ""60790905adeb8b0567721058f2030bb201ddceaa378b28d7698e62cc97f04c34""]",33da6e7c9f6b20985b1f8ec983a50d8c91e34374efe6c967ac7f2360fa83d11a,NATIVE_K_COMMON_ASSEMBLY_R1
sru,SRU_H2S,SRU_H2S__H5__W1,u5,10,6042,6033,6003,30,"[1193, 1194, 1193, 1194]",1193,6042,2000,1992,55b2f8028a805903e7a95d424ad640981d3ff37a58ff717451b40b14272a97be,"[""791d7c8a257e3a12940409fab8a3fc247d2ea766e7c7e17d767a12430a853a0a"", ""a81f0ce63336a876e1365a0f675a9cdbb0b0c374309d3875260f8b2dc6ffd10e"", ""b3173946dd5d2eef772aded4fa115446fee5d5e71807fd666046afe255f6522e"", ""60790905adeb8b0567721058f2030bb201ddceaa378b28d7698e62cc97f04c34""]",33da6e7c9f6b20985b1f8ec983a50d8c91e34374efe6c967ac7f2360fa83d11a,NATIVE_K_COMMON_ASSEMBLY_R1
sru,SRU_SO2,SRU_SO2__H5__W1,u1,10,6042,6033,6003,30,"[1193, 1194, 1193, 1194]",1193,6023,1981,1982,cc673da3ddbec86bd86dad3abf754be06aaefe64cf911d0b1cfc9e1f0aed6ab2,"[""173d1693e31d5b862ca91118f08986bf9f110f7892088c634899b0e5d1512652"", ""996fc574caef0270aaf04efe14f7d8be74f7b6b7a4efa6165ac067248a0b3ddd"", ""9145c3b72d3ca5c2562958e081d51188627756a16cc6531bba0d0294302818c2"", ""1d53b7462ec3842a0a5c991d8560bfd4db8717fa1cb9bea643c2c0a20d9f969a""]",d43dd8be39b7bcbbdca0d878d13f2f2d9e6bdcf1e12f7f41ec6a646a1d4c2f46,NATIVE_K_COMMON_ASSEMBLY_R1
sru,SRU_SO2,SRU_SO2__H5__W1,u2,20,6042,6023,6003,20,"[1183, 1184, 1183, 1184]",1183,6023,1981,1982,d43dd8be39b7bcbbdca0d878d13f2f2d9e6bdcf1e12f7f41ec6a646a1d4c2f46,"[""2b9a4b9ebf951cbd59244e145f064ae5fba8b8bd3e006f6e5631fe75f559abc4"", ""c814b19f87ac93b72b1da8a8ada0eafa2c1036022f8a5826cad94ba0e9c3855f"", ""fdcf0e9fb926b9d13bc06815e8a95e098e076315a5405455f9b2be586ad31c6f"", ""733469175dfccea589a3d29b81110a85170d2d1a2ea65597523c3f4eb453320c""]",d43dd8be39b7bcbbdca0d878d13f2f2d9e6bdcf1e12f7f41ec6a646a1d4c2f46,NATIVE_K_COMMON_ASSEMBLY_R1
sru,SRU_SO2,SRU_SO2__H5__W1,u3,20,6042,6023,6003,20,"[1183, 1184, 1183, 1184]",1183,6023,1981,1982,d43dd8be39b7bcbbdca0d878d13f2f2d9e6bdcf1e12f7f41ec6a646a1d4c2f46,"[""2b9a4b9ebf951cbd59244e145f064ae5fba8b8bd3e006f6e5631fe75f559abc4"", ""c814b19f87ac93b72b1da8a8ada0eafa2c1036022f8a5826cad94ba0e9c3855f"", ""fdcf0e9fb926b9d13bc06815e8a95e098e076315a5405455f9b2be586ad31c6f"", ""733469175dfccea589a3d29b81110a85170d2d1a2ea65597523c3f4eb453320c""]",d43dd8be39b7bcbbdca0d878d13f2f2d9e6bdcf1e12f7f41ec6a646a1d4c2f46,NATIVE_K_COMMON_ASSEMBLY_R1
sru,SRU_SO2,SRU_SO2__H5__W1,u4,20,6042,6023,6003,20,"[1183, 1184, 1183, 1184]",1183,6023,1981,1982,d43dd8be39b7bcbbdca0d878d13f2f2d9e6bdcf1e12f7f41ec6a646a1d4c2f46,"[""2b9a4b9ebf951cbd59244e145f064ae5fba8b8bd3e006f6e5631fe75f559abc4"", ""c814b19f87ac93b72b1da8a8ada0eafa2c1036022f8a5826cad94ba0e9c3855f"", ""fdcf0e9fb926b9d13bc06815e8a95e098e076315a5405455f9b2be586ad31c6f"", ""733469175dfccea589a3d29b81110a85170d2d1a2ea65597523c3f4eb453320c""]",d43dd8be39b7bcbbdca0d878d13f2f2d9e6bdcf1e12f7f41ec6a646a1d4c2f46,NATIVE_K_COMMON_ASSEMBLY_R1
sru,SRU_SO2,SRU_SO2__H5__W1,u5,20,6042,6023,6003,20,"[1183, 1184, 1183, 1184]",1183,6023,1981,1982,d43dd8be39b7bcbbdca0d878d13f2f2d9e6bdcf1e12f7f41ec6a646a1d4c2f46,"[""2b9a4b9ebf951cbd59244e145f064ae5fba8b8bd3e006f6e5631fe75f559abc4"", ""c814b19f87ac93b72b1da8a8ada0eafa2c1036022f8a5826cad94ba0e9c3855f"", ""fdcf0e9fb926b9d13bc06815e8a95e098e076315a5405455f9b2be586ad31c6f"", ""733469175dfccea589a3d29b81110a85170d2d1a2ea65597523c3f4eb453320c""]",d43dd8be39b7bcbbdca0d878d13f2f2d9e6bdcf1e12f7f41ec6a646a1d4c2f46,NATIVE_K_COMMON_ASSEMBLY_R1
tep,TEP_G12,TEP_G12__H4__W2,xmeas_1,32,3155200,2963200,2963200,0,"[50000, 50000, 50000, 50000]",50000,3155200,788800,7576000,41a0038895505c78794a84efe9083af119ff5fbfe407acae5c6a73475cfe1dca,"[""72bd98833635976375f098c643dc1b03c4ccaffb10110ba036c02e445fe4becb"", ""2f989c8177a45329d994c6dc2db67160e5bfbda5bf1f6595e1cd31f2193c6903"", ""5ebdfa24813e8f9d50b8d81e2992c45e004aea19cee28f2edc98d1db408e2132"", ""5acac976872592ac1bd515479202712a680b14f80f3acb85d6cc1fc2f3ff1008""]",407834f4194ba435b8962418581c9df2fbad8f0692100cbfddfe2656398e26af,NATIVE_K_COMMON_ASSEMBLY_R1
tep,TEP_G12,TEP_G12__H4__W2,xmeas_10,32,3155200,2963200,2963200,0,"[50000, 50000, 50000, 50000]",50000,3155200,788800,7576000,41a0038895505c78794a84efe9083af119ff5fbfe407acae5c6a73475cfe1dca,"[""72bd98833635976375f098c643dc1b03c4ccaffb10110ba036c02e445fe4becb"", ""2f989c8177a45329d994c6dc2db67160e5bfbda5bf1f6595e1cd31f2193c6903"", ""5ebdfa24813e8f9d50b8d81e2992c45e004aea19cee28f2edc98d1db408e2132"", ""5acac976872592ac1bd515479202712a680b14f80f3acb85d6cc1fc2f3ff1008""]",407834f4194ba435b8962418581c9df2fbad8f0692100cbfddfe2656398e26af,NATIVE_K_COMMON_ASSEMBLY_R1
tep,TEP_G12,TEP_G12__H4__W2,xmeas_11,32,3155200,2963200,2963200,0,"[50000, 50000, 50000, 50000]",50000,3155200,788800,7576000,41a0038895505c78794a84efe9083af119ff5fbfe407acae5c6a73475cfe1dca,"[""72bd98833635976375f098c643dc1b03c4ccaffb10110ba036c02e445fe4becb"", ""2f989c8177a45329d994c6dc2db67160e5bfbda5bf1f6595e1cd31f2193c6903"", ""5ebdfa24813e8f9d50b8d81e2992c45e004aea19cee28f2edc98d1db408e2132"", ""5acac976872592ac1bd515479202712a680b14f80f3acb85d6cc1fc2f3ff1008""]",407834f4194ba435b8962418581c9df2fbad8f0692100cbfddfe2656398e26af,NATIVE_K_COMMON_ASSEMBLY_R1
tep,TEP_G12,TEP_G12__H4__W2,xmeas_12,32,3155200,2963200,2963200,0,"[50000, 50000, 50000, 50000]",50000,3155200,788800,7576000,41a0038895505c78794a84efe9083af119ff5fbfe407acae5c6a73475cfe1dca,"[""72bd98833635976375f098c643dc1b03c4ccaffb10110ba036c02e445fe4becb"", ""2f989c8177a45329d994c6dc2db67160e5bfbda5bf1f6595e1cd31f2193c6903"", ""5ebdfa24813e8f9d50b8d81e2992c45e004aea19cee28f2edc98d1db408e2132"", ""5acac976872592ac1bd515479202712a680b14f80f3acb85d6cc1fc2f3ff1008""]",407834f4194ba435b8962418581c9df2fbad8f0692100cbfddfe2656398e26af,NATIVE_K_COMMON_ASSEMBLY_R1
tep,TEP_G12,TEP_G12__H4__W2,xmeas_13,32,3155200,2963200,2963200,0,"[50000, 50000, 50000, 50000]",50000,3155200,788800,7576000,41a0038895505c78794a84efe9083af119ff5fbfe407acae5c6a73475cfe1dca,"[""72bd98833635976375f098c643dc1b03c4ccaffb10110ba036c02e445fe4becb"", ""2f989c8177a45329d994c6dc2db67160e5bfbda5bf1f6595e1cd31f2193c6903"", ""5ebdfa24813e8f9d50b8d81e2992c45e004aea19cee28f2edc98d1db408e2132"", ""5acac976872592ac1bd515479202712a680b14f80f3acb85d6cc1fc2f3ff1008""]",407834f4194ba435b8962418581c9df2fbad8f0692100cbfddfe2656398e26af,NATIVE_K_COMMON_ASSEMBLY_R1
tep,TEP_G12,TEP_G12__H4__W2,xmeas_14,32,3155200,2963200,2963200,0,"[50000, 50000, 50000, 50000]",50000,3155200,788800,7576000,41a0038895505c78794a84efe9083af119ff5fbfe407acae5c6a73475cfe1dca,"[""72bd98833635976375f098c643dc1b03c4ccaffb10110ba036c02e445fe4becb"", ""2f989c8177a45329d994c6dc2db67160e5bfbda5bf1f6595e1cd31f2193c6903"", ""5ebdfa24813e8f9d50b8d81e2992c45e004aea19cee28f2edc98d1db408e2132"", ""5acac976872592ac1bd515479202712a680b14f80f3acb85d6cc1fc2f3ff1008""]",407834f4194ba435b8962418581c9df2fbad8f0692100cbfddfe2656398e26af,NATIVE_K_COMMON_ASSEMBLY_R1
tep,TEP_G12,TEP_G12__H4__W2,xmeas_15,32,3155200,2963200,2963200,0,"[50000, 50000, 50000, 50000]",50000,3155200,788800,7576000,41a0038895505c78794a84efe9083af119ff5fbfe407acae5c6a73475cfe1dca,"[""72bd98833635976375f098c643dc1b03c4ccaffb10110ba036c02e445fe4becb"", ""2f989c8177a45329d994c6dc2db67160e5bfbda5bf1f6595e1cd31f2193c6903"", ""5ebdfa24813e8f9d50b8d81e2992c45e004aea19cee28f2edc98d1db408e2132"", ""5acac976872592ac1bd515479202712a680b14f80f3acb85d6cc1fc2f3ff1008""]",407834f4194ba435b8962418581c9df2fbad8f0692100cbfddfe2656398e26af,NATIVE_K_COMMON_ASSEMBLY_R1
tep,TEP_G12,TEP_G12__H4__W2,xmeas_16,32,3155200,2963200,2963200,0,"[50000, 50000, 50000, 50000]",50000,3155200,788800,7576000,41a0038895505c78794a84efe9083af119ff5fbfe407acae5c6a73475cfe1dca,"[""72bd98833635976375f098c643dc1b03c4ccaffb10110ba036c02e445fe4becb"", ""2f989c8177a45329d994c6dc2db67160e5bfbda5bf1f6595e1cd31f2193c6903"", ""5ebdfa24813e8f9d50b8d81e2992c45e004aea19cee28f2edc98d1db408e2132"", ""5acac976872592ac1bd515479202712a680b14f80f3acb85d6cc1fc2f3ff1008""]",407834f4194ba435b8962418581c9df2fbad8f0692100cbfddfe2656398e26af,NATIVE_K_COMMON_ASSEMBLY_R1
tep,TEP_G12,TEP_G12__H4__W2,xmeas_17,32,3155200,2963200,2963200,0,"[50000, 50000, 50000, 50000]",50000,3155200,788800,7576000,41a0038895505c78794a84efe9083af119ff5fbfe407acae5c6a73475cfe1dca,"[""72bd98833635976375f098c643dc1b03c4ccaffb10110ba036c02e445fe4becb"", ""2f989c8177a45329d994c6dc2db67160e5bfbda5bf1f6595e1cd31f2193c6903"", ""5ebdfa24813e8f9d50b8d81e2992c45e004aea19cee28f2edc98d1db408e2132"", ""5acac976872592ac1bd515479202712a680b14f80f3acb85d6cc1fc2f3ff1008""]",407834f4194ba435b8962418581c9df2fbad8f0692100cbfddfe2656398e26af,NATIVE_K_COMMON_ASSEMBLY_R1
tep,TEP_G12,TEP_G12__H4__W2,xmeas_18,32,3155200,2963200,2963200,0,"[50000, 50000, 50000, 50000]",50000,3155200,788800,7576000,41a0038895505c78794a84efe9083af119ff5fbfe407acae5c6a73475cfe1dca,"[""72bd98833635976375f098c643dc1b03c4ccaffb10110ba036c02e445fe4becb"", ""2f989c8177a45329d994c6dc2db67160e5bfbda5bf1f6595e1cd31f2193c6903"", ""5ebdfa24813e8f9d50b8d81e2992c45e004aea19cee28f2edc98d1db408e2132"", ""5acac976872592ac1bd515479202712a680b14f80f3acb85d6cc1fc2f3ff1008""]",407834f4194ba435b8962418581c9df2fbad8f0692100cbfddfe2656398e26af,NATIVE_K_COMMON_ASSEMBLY_R1
tep,TEP_G12,TEP_G12__H4__W2,xmeas_19,32,3155200,2963200,2963200,0,"[50000, 50000, 50000, 50000]",50000,3155200,788800,7576000,41a0038895505c78794a84efe9083af119ff5fbfe407acae5c6a73475cfe1dca,"[""72bd98833635976375f098c643dc1b03c4ccaffb10110ba036c02e445fe4becb"", ""2f989c8177a45329d994c6dc2db67160e5bfbda5bf1f6595e1cd31f2193c6903"", ""5ebdfa24813e8f9d50b8d81e2992c45e004aea19cee28f2edc98d1db408e2132"", ""5acac976872592ac1bd515479202712a680b14f80f3acb85d6cc1fc2f3ff1008""]",407834f4194ba435b8962418581c9df2fbad8f0692100cbfddfe2656398e26af,NATIVE_K_COMMON_ASSEMBLY_R1
tep,TEP_G12,TEP_G12__H4__W2,xmeas_2,32,3155200,2963200,2963200,0,"[50000, 50000, 50000, 50000]",50000,3155200,788800,7576000,41a0038895505c78794a84efe9083af119ff5fbfe407acae5c6a73475cfe1dca,"[""72bd98833635976375f098c643dc1b03c4ccaffb10110ba036c02e445fe4becb"", ""2f989c8177a45329d994c6dc2db67160e5bfbda5bf1f6595e1cd31f2193c6903"", ""5ebdfa24813e8f9d50b8d81e2992c45e004aea19cee28f2edc98d1db408e2132"", ""5acac976872592ac1bd515479202712a680b14f80f3acb85d6cc1fc2f3ff1008""]",407834f4194ba435b8962418581c9df2fbad8f0692100cbfddfe2656398e26af,NATIVE_K_COMMON_ASSEMBLY_R1
tep,TEP_G12,TEP_G12__H4__W2,xmeas_20,32,3155200,2963200,2963200,0,"[50000, 50000, 50000, 50000]",50000,3155200,788800,7576000,41a0038895505c78794a84efe9083af119ff5fbfe407acae5c6a73475cfe1dca,"[""72bd98833635976375f098c643dc1b03c4ccaffb10110ba036c02e445fe4becb"", ""2f989c8177a45329d994c6dc2db67160e5bfbda5bf1f6595e1cd31f2193c6903"", ""5ebdfa24813e8f9d50b8d81e2992c45e004aea19cee28f2edc98d1db408e2132"", ""5acac976872592ac1bd515479202712a680b14f80f3acb85d6cc1fc2f3ff1008""]",407834f4194ba435b8962418581c9df2fbad8f0692100cbfddfe2656398e26af,NATIVE_K_COMMON_ASSEMBLY_R1
tep,TEP_G12,TEP_G12__H4__W2,xmeas_21,32,3155200,2963200,2963200,0,"[50000, 50000, 50000, 50000]",50000,3155200,788800,7576000,41a0038895505c78794a84efe9083af119ff5fbfe407acae5c6a73475cfe1dca,"[""72bd98833635976375f098c643dc1b03c4ccaffb10110ba036c02e445fe4becb"", ""2f989c8177a45329d994c6dc2db67160e5bfbda5bf1f6595e1cd31f2193c6903"", ""5ebdfa24813e8f9d50b8d81e2992c45e004aea19cee28f2edc98d1db408e2132"", ""5acac976872592ac1bd515479202712a680b14f80f3acb85d6cc1fc2f3ff1008""]",407834f4194ba435b8962418581c9df2fbad8f0692100cbfddfe2656398e26af,NATIVE_K_COMMON_ASSEMBLY_R1
tep,TEP_G12,TEP_G12__H4__W2,xmeas_22,32,3155200,2963200,2963200,0,"[50000, 50000, 50000, 50000]",50000,3155200,788800,7576000,41a0038895505c78794a84efe9083af119ff5fbfe407acae5c6a73475cfe1dca,"[""72bd98833635976375f098c643dc1b03c4ccaffb10110ba036c02e445fe4becb"", ""2f989c8177a45329d994c6dc2db67160e5bfbda5bf1f6595e1cd31f2193c6903"", ""5ebdfa24813e8f9d50b8d81e2992c45e004aea19cee28f2edc98d1db408e2132"", ""5acac976872592ac1bd515479202712a680b14f80f3acb85d6cc1fc2f3ff1008""]",407834f4194ba435b8962418581c9df2fbad8f0692100cbfddfe2656398e26af,NATIVE_K_COMMON_ASSEMBLY_R1
tep,TEP_G12,TEP_G12__H4__W2,xmeas_23,32,3155200,2963200,2963200,0,"[50000, 50000, 50000, 50000]",50000,3155200,788800,7576000,41a0038895505c78794a84efe9083af119ff5fbfe407acae5c6a73475cfe1dca,"[""72bd98833635976375f098c643dc1b03c4ccaffb10110ba036c02e445fe4becb"", ""2f989c8177a45329d994c6dc2db67160e5bfbda5bf1f6595e1cd31f2193c6903"", ""5ebdfa24813e8f9d50b8d81e2992c45e004aea19cee28f2edc98d1db408e2132"", ""5acac976872592ac1bd515479202712a680b14f80f3acb85d6cc1fc2f3ff1008""]",407834f4194ba435b8962418581c9df2fbad8f0692100cbfddfe2656398e26af,NATIVE_K_COMMON_ASSEMBLY_R1
tep,TEP_G12,TEP_G12__H4__W2,xmeas_24,32,3155200,2963200,2963200,0,"[50000, 50000, 50000, 50000]",50000,3155200,788800,7576000,41a0038895505c78794a84efe9083af119ff5fbfe407acae5c6a73475cfe1dca,"[""72bd98833635976375f098c643dc1b03c4ccaffb10110ba036c02e445fe4becb"", ""2f989c8177a45329d994c6dc2db67160e5bfbda5bf1f6595e1cd31f2193c6903"", ""5ebdfa24813e8f9d50b8d81e2992c45e004aea19cee28f2edc98d1db408e2132"", ""5acac976872592ac1bd515479202712a680b14f80f3acb85d6cc1fc2f3ff1008""]",407834f4194ba435b8962418581c9df2fbad8f0692100cbfddfe2656398e26af,NATIVE_K_COMMON_ASSEMBLY_R1
tep,TEP_G12,TEP_G12__H4__W2,xmeas_25,32,3155200,2963200,2963200,0,"[50000, 50000, 50000, 50000]",50000,3155200,788800,7576000,41a0038895505c78794a84efe9083af119ff5fbfe407acae5c6a73475cfe1dca,"[""72bd98833635976375f098c643dc1b03c4ccaffb10110ba036c02e445fe4becb"", ""2f989c8177a45329d994c6dc2db67160e5bfbda5bf1f6595e1cd31f2193c6903"", ""5ebdfa24813e8f9d50b8d81e2992c45e004aea19cee28f2edc98d1db408e2132"", ""5acac976872592ac1bd515479202712a680b14f80f3acb85d6cc1fc2f3ff1008""]",407834f4194ba435b8962418581c9df2fbad8f0692100cbfddfe2656398e26af,NATIVE_K_COMMON_ASSEMBLY_R1
tep,TEP_G12,TEP_G12__H4__W2,xmeas_26,32,3155200,2963200,2963200,0,"[50000, 50000, 50000, 50000]",50000,3155200,788800,7576000,41a0038895505c78794a84efe9083af119ff5fbfe407acae5c6a73475cfe1dca,"[""72bd98833635976375f098c643dc1b03c4ccaffb10110ba036c02e445fe4becb"", ""2f989c8177a45329d994c6dc2db67160e5bfbda5bf1f6595e1cd31f2193c6903"", ""5ebdfa24813e8f9d50b8d81e2992c45e004aea19cee28f2edc98d1db408e2132"", ""5acac976872592ac1bd515479202712a680b14f80f3acb85d6cc1fc2f3ff1008""]",407834f4194ba435b8962418581c9df2fbad8f0692100cbfddfe2656398e26af,NATIVE_K_COMMON_ASSEMBLY_R1
tep,TEP_G12,TEP_G12__H4__W2,xmeas_27,16,3155200,3065600,2963200,102400,"[50000, 50000, 50000, 50000]",50000,3155200,788800,7576000,ed41ed8612d78eda010e458e91533afd43d3eca1d0364dc32b03db42828ce173,"[""ac89a504985ab72d95cd3fcb358f4ba01e9f5accad98d9252c72f04b07844ff7"", ""446943064bf6e222eacdb68ea377402e77a99817e00c9f8924731563be60d0de"", ""d046116fc78af8d2dddc1c304734de45f5734dcbd44818fc880ae677c9f412b0"", ""7c6827b3c990245812a752eeb76f1410f77d278b4142702372f7f0f23c9406d1""]",407834f4194ba435b8962418581c9df2fbad8f0692100cbfddfe2656398e26af,NATIVE_K_COMMON_ASSEMBLY_R1
tep,TEP_G12,TEP_G12__H4__W2,xmeas_28,32,3155200,2963200,2963200,0,"[50000, 50000, 50000, 50000]",50000,3155200,788800,7576000,41a0038895505c78794a84efe9083af119ff5fbfe407acae5c6a73475cfe1dca,"[""72bd98833635976375f098c643dc1b03c4ccaffb10110ba036c02e445fe4becb"", ""2f989c8177a45329d994c6dc2db67160e5bfbda5bf1f6595e1cd31f2193c6903"", ""5ebdfa24813e8f9d50b8d81e2992c45e004aea19cee28f2edc98d1db408e2132"", ""5acac976872592ac1bd515479202712a680b14f80f3acb85d6cc1fc2f3ff1008""]",407834f4194ba435b8962418581c9df2fbad8f0692100cbfddfe2656398e26af,NATIVE_K_COMMON_ASSEMBLY_R1
tep,TEP_G12,TEP_G12__H4__W2,xmeas_29,32,3155200,2963200,2963200,0,"[50000, 50000, 50000, 50000]",50000,3155200,788800,7576000,41a0038895505c78794a84efe9083af119ff5fbfe407acae5c6a73475cfe1dca,"[""72bd98833635976375f098c643dc1b03c4ccaffb10110ba036c02e445fe4becb"", ""2f989c8177a45329d994c6dc2db67160e5bfbda5bf1f6595e1cd31f2193c6903"", ""5ebdfa24813e8f9d50b8d81e2992c45e004aea19cee28f2edc98d1db408e2132"", ""5acac976872592ac1bd515479202712a680b14f80f3acb85d6cc1fc2f3ff1008""]",407834f4194ba435b8962418581c9df2fbad8f0692100cbfddfe2656398e26af,NATIVE_K_COMMON_ASSEMBLY_R1
tep,TEP_G12,TEP_G12__H4__W2,xmeas_3,32,3155200,2963200,2963200,0,"[50000, 50000, 50000, 50000]",50000,3155200,788800,7576000,41a0038895505c78794a84efe9083af119ff5fbfe407acae5c6a73475cfe1dca,"[""72bd98833635976375f098c643dc1b03c4ccaffb10110ba036c02e445fe4becb"", ""2f989c8177a45329d994c6dc2db67160e5bfbda5bf1f6595e1cd31f2193c6903"", ""5ebdfa24813e8f9d50b8d81e2992c45e004aea19cee28f2edc98d1db408e2132"", ""5acac976872592ac1bd515479202712a680b14f80f3acb85d6cc1fc2f3ff1008""]",407834f4194ba435b8962418581c9df2fbad8f0692100cbfddfe2656398e26af,NATIVE_K_COMMON_ASSEMBLY_R1
tep,TEP_G12,TEP_G12__H4__W2,xmeas_30,32,3155200,2963200,2963200,0,"[50000, 50000, 50000, 50000]",50000,3155200,788800,7576000,41a0038895505c78794a84efe9083af119ff5fbfe407acae5c6a73475cfe1dca,"[""72bd98833635976375f098c643dc1b03c4ccaffb10110ba036c02e445fe4becb"", ""2f989c8177a45329d994c6dc2db67160e5bfbda5bf1f6595e1cd31f2193c6903"", ""5ebdfa24813e8f9d50b8d81e2992c45e004aea19cee28f2edc98d1db408e2132"", ""5acac976872592ac1bd515479202712a680b14f80f3acb85d6cc1fc2f3ff1008""]",407834f4194ba435b8962418581c9df2fbad8f0692100cbfddfe2656398e26af,NATIVE_K_COMMON_ASSEMBLY_R1
tep,TEP_G12,TEP_G12__H4__W2,xmeas_31,32,3155200,2963200,2963200,0,"[50000, 50000, 50000, 50000]",50000,3155200,788800,7576000,41a0038895505c78794a84efe9083af119ff5fbfe407acae5c6a73475cfe1dca,"[""72bd98833635976375f098c643dc1b03c4ccaffb10110ba036c02e445fe4becb"", ""2f989c8177a45329d994c6dc2db67160e5bfbda5bf1f6595e1cd31f2193c6903"", ""5ebdfa24813e8f9d50b8d81e2992c45e004aea19cee28f2edc98d1db408e2132"", ""5acac976872592ac1bd515479202712a680b14f80f3acb85d6cc1fc2f3ff1008""]",407834f4194ba435b8962418581c9df2fbad8f0692100cbfddfe2656398e26af,NATIVE_K_COMMON_ASSEMBLY_R1
tep,TEP_G12,TEP_G12__H4__W2,xmeas_32,32,3155200,2963200,2963200,0,"[50000, 50000, 50000, 50000]",50000,3155200,788800,7576000,41a0038895505c78794a84efe9083af119ff5fbfe407acae5c6a73475cfe1dca,"[""72bd98833635976375f098c643dc1b03c4ccaffb10110ba036c02e445fe4becb"", ""2f989c8177a45329d994c6dc2db67160e5bfbda5bf1f6595e1cd31f2193c6903"", ""5ebdfa24813e8f9d50b8d81e2992c45e004aea19cee28f2edc98d1db408e2132"", ""5acac976872592ac1bd515479202712a680b14f80f3acb85d6cc1fc2f3ff1008""]",407834f4194ba435b8962418581c9df2fbad8f0692100cbfddfe2656398e26af,NATIVE_K_COMMON_ASSEMBLY_R1
tep,TEP_G12,TEP_G12__H4__W2,xmeas_33,32,3155200,2963200,2963200,0,"[50000, 50000, 50000, 50000]",50000,3155200,788800,7576000,41a0038895505c78794a84efe9083af119ff5fbfe407acae5c6a73475cfe1dca,"[""72bd98833635976375f098c643dc1b03c4ccaffb10110ba036c02e445fe4becb"", ""2f989c8177a45329d994c6dc2db67160e5bfbda5bf1f6595e1cd31f2193c6903"", ""5ebdfa24813e8f9d50b8d81e2992c45e004aea19cee28f2edc98d1db408e2132"", ""5acac976872592ac1bd515479202712a680b14f80f3acb85d6cc1fc2f3ff1008""]",407834f4194ba435b8962418581c9df2fbad8f0692100cbfddfe2656398e26af,NATIVE_K_COMMON_ASSEMBLY_R1
tep,TEP_G12,TEP_G12__H4__W2,xmeas_34,32,3155200,2963200,2963200,0,"[50000, 50000, 50000, 50000]",50000,3155200,788800,7576000,41a0038895505c78794a84efe9083af119ff5fbfe407acae5c6a73475cfe1dca,"[""72bd98833635976375f098c643dc1b03c4ccaffb10110ba036c02e445fe4becb"", ""2f989c8177a45329d994c6dc2db67160e5bfbda5bf1f6595e1cd31f2193c6903"", ""5ebdfa24813e8f9d50b8d81e2992c45e004aea19cee28f2edc98d1db408e2132"", ""5acac976872592ac1bd515479202712a680b14f80f3acb85d6cc1fc2f3ff1008""]",407834f4194ba435b8962418581c9df2fbad8f0692100cbfddfe2656398e26af,NATIVE_K_COMMON_ASSEMBLY_R1
tep,TEP_G12,TEP_G12__H4__W2,xmeas_35,32,3155200,2963200,2963200,0,"[50000, 50000, 50000, 50000]",50000,3155200,788800,7576000,41a0038895505c78794a84efe9083af119ff5fbfe407acae5c6a73475cfe1dca,"[""72bd98833635976375f098c643dc1b03c4ccaffb10110ba036c02e445fe4becb"", ""2f989c8177a45329d994c6dc2db67160e5bfbda5bf1f6595e1cd31f2193c6903"", ""5ebdfa24813e8f9d50b8d81e2992c45e004aea19cee28f2edc98d1db408e2132"", ""5acac976872592ac1bd515479202712a680b14f80f3acb85d6cc1fc2f3ff1008""]",407834f4194ba435b8962418581c9df2fbad8f0692100cbfddfe2656398e26af,NATIVE_K_COMMON_ASSEMBLY_R1
tep,TEP_G12,TEP_G12__H4__W2,xmeas_36,32,3155200,2963200,2963200,0,"[50000, 50000, 50000, 50000]",50000,3155200,788800,7576000,41a0038895505c78794a84efe9083af119ff5fbfe407acae5c6a73475cfe1dca,"[""72bd98833635976375f098c643dc1b03c4ccaffb10110ba036c02e445fe4becb"", ""2f989c8177a45329d994c6dc2db67160e5bfbda5bf1f6595e1cd31f2193c6903"", ""5ebdfa24813e8f9d50b8d81e2992c45e004aea19cee28f2edc98d1db408e2132"", ""5acac976872592ac1bd515479202712a680b14f80f3acb85d6cc1fc2f3ff1008""]",407834f4194ba435b8962418581c9df2fbad8f0692100cbfddfe2656398e26af,NATIVE_K_COMMON_ASSEMBLY_R1
tep,TEP_G12,TEP_G12__H4__W2,xmeas_4,32,3155200,2963200,2963200,0,"[50000, 50000, 50000, 50000]",50000,3155200,788800,7576000,41a0038895505c78794a84efe9083af119ff5fbfe407acae5c6a73475cfe1dca,"[""72bd98833635976375f098c643dc1b03c4ccaffb10110ba036c02e445fe4becb"", ""2f989c8177a45329d994c6dc2db67160e5bfbda5bf1f6595e1cd31f2193c6903"", ""5ebdfa24813e8f9d50b8d81e2992c45e004aea19cee28f2edc98d1db408e2132"", ""5acac976872592ac1bd515479202712a680b14f80f3acb85d6cc1fc2f3ff1008""]",407834f4194ba435b8962418581c9df2fbad8f0692100cbfddfe2656398e26af,NATIVE_K_COMMON_ASSEMBLY_R1
tep,TEP_G12,TEP_G12__H4__W2,xmeas_5,32,3155200,2963200,2963200,0,"[50000, 50000, 50000, 50000]",50000,3155200,788800,7576000,41a0038895505c78794a84efe9083af119ff5fbfe407acae5c6a73475cfe1dca,"[""72bd98833635976375f098c643dc1b03c4ccaffb10110ba036c02e445fe4becb"", ""2f989c8177a45329d994c6dc2db67160e5bfbda5bf1f6595e1cd31f2193c6903"", ""5ebdfa24813e8f9d50b8d81e2992c45e004aea19cee28f2edc98d1db408e2132"", ""5acac976872592ac1bd515479202712a680b14f80f3acb85d6cc1fc2f3ff1008""]",407834f4194ba435b8962418581c9df2fbad8f0692100cbfddfe2656398e26af,NATIVE_K_COMMON_ASSEMBLY_R1
tep,TEP_G12,TEP_G12__H4__W2,xmeas_6,32,3155200,2963200,2963200,0,"[50000, 50000, 50000, 50000]",50000,3155200,788800,7576000,41a0038895505c78794a84efe9083af119ff5fbfe407acae5c6a73475cfe1dca,"[""72bd98833635976375f098c643dc1b03c4ccaffb10110ba036c02e445fe4becb"", ""2f989c8177a45329d994c6dc2db67160e5bfbda5bf1f6595e1cd31f2193c6903"", ""5ebdfa24813e8f9d50b8d81e2992c45e004aea19cee28f2edc98d1db408e2132"", ""5acac976872592ac1bd515479202712a680b14f80f3acb85d6cc1fc2f3ff1008""]",407834f4194ba435b8962418581c9df2fbad8f0692100cbfddfe2656398e26af,NATIVE_K_COMMON_ASSEMBLY_R1
tep,TEP_G12,TEP_G12__H4__W2,xmeas_7,32,3155200,2963200,2963200,0,"[50000, 50000, 50000, 50000]",50000,3155200,788800,7576000,41a0038895505c78794a84efe9083af119ff5fbfe407acae5c6a73475cfe1dca,"[""72bd98833635976375f098c643dc1b03c4ccaffb10110ba036c02e445fe4becb"", ""2f989c8177a45329d994c6dc2db67160e5bfbda5bf1f6595e1cd31f2193c6903"", ""5ebdfa24813e8f9d50b8d81e2992c45e004aea19cee28f2edc98d1db408e2132"", ""5acac976872592ac1bd515479202712a680b14f80f3acb85d6cc1fc2f3ff1008""]",407834f4194ba435b8962418581c9df2fbad8f0692100cbfddfe2656398e26af,NATIVE_K_COMMON_ASSEMBLY_R1
tep,TEP_G12,TEP_G12__H4__W2,xmeas_8,32,3155200,2963200,2963200,0,"[50000, 50000, 50000, 50000]",50000,3155200,788800,7576000,41a0038895505c78794a84efe9083af119ff5fbfe407acae5c6a73475cfe1dca,"[""72bd98833635976375f098c643dc1b03c4ccaffb10110ba036c02e445fe4becb"", ""2f989c8177a45329d994c6dc2db67160e5bfbda5bf1f6595e1cd31f2193c6903"", ""5ebdfa24813e8f9d50b8d81e2992c45e004aea19cee28f2edc98d1db408e2132"", ""5acac976872592ac1bd515479202712a680b14f80f3acb85d6cc1fc2f3ff1008""]",407834f4194ba435b8962418581c9df2fbad8f0692100cbfddfe2656398e26af,NATIVE_K_COMMON_ASSEMBLY_R1
tep,TEP_G12,TEP_G12__H4__W2,xmeas_9,32,3155200,2963200,2963200,0,"[50000, 50000, 50000, 50000]",50000,3155200,788800,7576000,41a0038895505c78794a84efe9083af119ff5fbfe407acae5c6a73475cfe1dca,"[""72bd98833635976375f098c643dc1b03c4ccaffb10110ba036c02e445fe4becb"", ""2f989c8177a45329d994c6dc2db67160e5bfbda5bf1f6595e1cd31f2193c6903"", ""5ebdfa24813e8f9d50b8d81e2992c45e004aea19cee28f2edc98d1db408e2132"", ""5acac976872592ac1bd515479202712a680b14f80f3acb85d6cc1fc2f3ff1008""]",407834f4194ba435b8962418581c9df2fbad8f0692100cbfddfe2656398e26af,NATIVE_K_COMMON_ASSEMBLY_R1
tep,TEP_G12,TEP_G12__H4__W2,xmv_1,16,3155200,3065600,2963200,102400,"[50000, 50000, 50000, 50000]",50000,3155200,788800,7576000,ed41ed8612d78eda010e458e91533afd43d3eca1d0364dc32b03db42828ce173,"[""ac89a504985ab72d95cd3fcb358f4ba01e9f5accad98d9252c72f04b07844ff7"", ""446943064bf6e222eacdb68ea377402e77a99817e00c9f8924731563be60d0de"", ""d046116fc78af8d2dddc1c304734de45f5734dcbd44818fc880ae677c9f412b0"", ""7c6827b3c990245812a752eeb76f1410f77d278b4142702372f7f0f23c9406d1""]",407834f4194ba435b8962418581c9df2fbad8f0692100cbfddfe2656398e26af,NATIVE_K_COMMON_ASSEMBLY_R1
tep,TEP_G12,TEP_G12__H4__W2,xmv_10,32,3155200,2963200,2963200,0,"[50000, 50000, 50000, 50000]",50000,3155200,788800,7576000,41a0038895505c78794a84efe9083af119ff5fbfe407acae5c6a73475cfe1dca,"[""72bd98833635976375f098c643dc1b03c4ccaffb10110ba036c02e445fe4becb"", ""2f989c8177a45329d994c6dc2db67160e5bfbda5bf1f6595e1cd31f2193c6903"", ""5ebdfa24813e8f9d50b8d81e2992c45e004aea19cee28f2edc98d1db408e2132"", ""5acac976872592ac1bd515479202712a680b14f80f3acb85d6cc1fc2f3ff1008""]",407834f4194ba435b8962418581c9df2fbad8f0692100cbfddfe2656398e26af,NATIVE_K_COMMON_ASSEMBLY_R1
tep,TEP_G12,TEP_G12__H4__W2,xmv_11,32,3155200,2963200,2963200,0,"[50000, 50000, 50000, 50000]",50000,3155200,788800,7576000,41a0038895505c78794a84efe9083af119ff5fbfe407acae5c6a73475cfe1dca,"[""72bd98833635976375f098c643dc1b03c4ccaffb10110ba036c02e445fe4becb"", ""2f989c8177a45329d994c6dc2db67160e5bfbda5bf1f6595e1cd31f2193c6903"", ""5ebdfa24813e8f9d50b8d81e2992c45e004aea19cee28f2edc98d1db408e2132"", ""5acac976872592ac1bd515479202712a680b14f80f3acb85d6cc1fc2f3ff1008""]",407834f4194ba435b8962418581c9df2fbad8f0692100cbfddfe2656398e26af,NATIVE_K_COMMON_ASSEMBLY_R1
tep,TEP_G12,TEP_G12__H4__W2,xmv_2,32,3155200,2963200,2963200,0,"[50000, 50000, 50000, 50000]",50000,3155200,788800,7576000,41a0038895505c78794a84efe9083af119ff5fbfe407acae5c6a73475cfe1dca,"[""72bd98833635976375f098c643dc1b03c4ccaffb10110ba036c02e445fe4becb"", ""2f989c8177a45329d994c6dc2db67160e5bfbda5bf1f6595e1cd31f2193c6903"", ""5ebdfa24813e8f9d50b8d81e2992c45e004aea19cee28f2edc98d1db408e2132"", ""5acac976872592ac1bd515479202712a680b14f80f3acb85d6cc1fc2f3ff1008""]",407834f4194ba435b8962418581c9df2fbad8f0692100cbfddfe2656398e26af,NATIVE_K_COMMON_ASSEMBLY_R1
tep,TEP_G12,TEP_G12__H4__W2,xmv_3,32,3155200,2963200,2963200,0,"[50000, 50000, 50000, 50000]",50000,3155200,788800,7576000,41a0038895505c78794a84efe9083af119ff5fbfe407acae5c6a73475cfe1dca,"[""72bd98833635976375f098c643dc1b03c4ccaffb10110ba036c02e445fe4becb"", ""2f989c8177a45329d994c6dc2db67160e5bfbda5bf1f6595e1cd31f2193c6903"", ""5ebdfa24813e8f9d50b8d81e2992c45e004aea19cee28f2edc98d1db408e2132"", ""5acac976872592ac1bd515479202712a680b14f80f3acb85d6cc1fc2f3ff1008""]",407834f4194ba435b8962418581c9df2fbad8f0692100cbfddfe2656398e26af,NATIVE_K_COMMON_ASSEMBLY_R1
tep,TEP_G12,TEP_G12__H4__W2,xmv_4,32,3155200,2963200,2963200,0,"[50000, 50000, 50000, 50000]",50000,3155200,788800,7576000,41a0038895505c78794a84efe9083af119ff5fbfe407acae5c6a73475cfe1dca,"[""72bd98833635976375f098c643dc1b03c4ccaffb10110ba036c02e445fe4becb"", ""2f989c8177a45329d994c6dc2db67160e5bfbda5bf1f6595e1cd31f2193c6903"", ""5ebdfa24813e8f9d50b8d81e2992c45e004aea19cee28f2edc98d1db408e2132"", ""5acac976872592ac1bd515479202712a680b14f80f3acb85d6cc1fc2f3ff1008""]",407834f4194ba435b8962418581c9df2fbad8f0692100cbfddfe2656398e26af,NATIVE_K_COMMON_ASSEMBLY_R1
tep,TEP_G12,TEP_G12__H4__W2,xmv_5,32,3155200,2963200,2963200,0,"[50000, 50000, 50000, 50000]",50000,3155200,788800,7576000,41a0038895505c78794a84efe9083af119ff5fbfe407acae5c6a73475cfe1dca,"[""72bd98833635976375f098c643dc1b03c4ccaffb10110ba036c02e445fe4becb"", ""2f989c8177a45329d994c6dc2db67160e5bfbda5bf1f6595e1cd31f2193c6903"", ""5ebdfa24813e8f9d50b8d81e2992c45e004aea19cee28f2edc98d1db408e2132"", ""5acac976872592ac1bd515479202712a680b14f80f3acb85d6cc1fc2f3ff1008""]",407834f4194ba435b8962418581c9df2fbad8f0692100cbfddfe2656398e26af,NATIVE_K_COMMON_ASSEMBLY_R1
tep,TEP_G12,TEP_G12__H4__W2,xmv_6,32,3155200,2963200,2963200,0,"[50000, 50000, 50000, 50000]",50000,3155200,788800,7576000,41a0038895505c78794a84efe9083af119ff5fbfe407acae5c6a73475cfe1dca,"[""72bd98833635976375f098c643dc1b03c4ccaffb10110ba036c02e445fe4becb"", ""2f989c8177a45329d994c6dc2db67160e5bfbda5bf1f6595e1cd31f2193c6903"", ""5ebdfa24813e8f9d50b8d81e2992c45e004aea19cee28f2edc98d1db408e2132"", ""5acac976872592ac1bd515479202712a680b14f80f3acb85d6cc1fc2f3ff1008""]",407834f4194ba435b8962418581c9df2fbad8f0692100cbfddfe2656398e26af,NATIVE_K_COMMON_ASSEMBLY_R1
tep,TEP_G12,TEP_G12__H4__W2,xmv_7,32,3155200,2963200,2963200,0,"[50000, 50000, 50000, 50000]",50000,3155200,788800,7576000,41a0038895505c78794a84efe9083af119ff5fbfe407acae5c6a73475cfe1dca,"[""72bd98833635976375f098c643dc1b03c4ccaffb10110ba036c02e445fe4becb"", ""2f989c8177a45329d994c6dc2db67160e5bfbda5bf1f6595e1cd31f2193c6903"", ""5ebdfa24813e8f9d50b8d81e2992c45e004aea19cee28f2edc98d1db408e2132"", ""5acac976872592ac1bd515479202712a680b14f80f3acb85d6cc1fc2f3ff1008""]",407834f4194ba435b8962418581c9df2fbad8f0692100cbfddfe2656398e26af,NATIVE_K_COMMON_ASSEMBLY_R1
tep,TEP_G12,TEP_G12__H4__W2,xmv_8,32,3155200,2963200,2963200,0,"[50000, 50000, 50000, 50000]",50000,3155200,788800,7576000,41a0038895505c78794a84efe9083af119ff5fbfe407acae5c6a73475cfe1dca,"[""72bd98833635976375f098c643dc1b03c4ccaffb10110ba036c02e445fe4becb"", ""2f989c8177a45329d994c6dc2db67160e5bfbda5bf1f6595e1cd31f2193c6903"", ""5ebdfa24813e8f9d50b8d81e2992c45e004aea19cee28f2edc98d1db408e2132"", ""5acac976872592ac1bd515479202712a680b14f80f3acb85d6cc1fc2f3ff1008""]",407834f4194ba435b8962418581c9df2fbad8f0692100cbfddfe2656398e26af,NATIVE_K_COMMON_ASSEMBLY_R1
tep,TEP_G12,TEP_G12__H4__W2,xmv_9,32,3155200,2963200,2963200,0,"[50000, 50000, 50000, 50000]",50000,3155200,788800,7576000,41a0038895505c78794a84efe9083af119ff5fbfe407acae5c6a73475cfe1dca,"[""72bd98833635976375f098c643dc1b03c4ccaffb10110ba036c02e445fe4becb"", ""2f989c8177a45329d994c6dc2db67160e5bfbda5bf1f6595e1cd31f2193c6903"", ""5ebdfa24813e8f9d50b8d81e2992c45e004aea19cee28f2edc98d1db408e2132"", ""5acac976872592ac1bd515479202712a680b14f80f3acb85d6cc1fc2f3ff1008""]",407834f4194ba435b8962418581c9df2fbad8f0692100cbfddfe2656398e26af,NATIVE_K_COMMON_ASSEMBLY_R1
