direction,candidate,lambda,oof_mse,oof_se,fold_mse
sheet1_to_sheet2,A0,,0.4231231256764933,0.0,
sheet1_to_sheet2,AR:2,1e-06,0.6164417658407066,0.22177097969173132,"[0.058008223544673436, 0.5978874011543339, 0.6687804725248736, 1.141090966138946]"
sheet1_to_sheet2,AR:2,0.0001,0.6262878642929757,0.23247342950948752,"[0.0643764784303854, 0.5766112339949215, 0.6644117197419399, 1.199752025004656]"
sheet1_to_sheet2,AR:2,0.01,0.6139718981073967,0.3158936583020869,"[0.09819797156533264, 0.32661232021244585, 0.5025300456307761, 1.5285472550210322]"
sheet1_to_sheet2,AR:2,1.0,0.6676884723500034,0.42449075189696606,"[0.1934397542834554, 0.13361626558189374, 0.4156054987650793, 1.928092370769585]"
sheet1_to_sheet2,AR:2,100.0,0.6692322786910158,0.4066933602928187,"[0.2011429334152585, 0.09710984224288595, 0.5195091321081237, 1.859167206997795]"
sheet1_to_sheet2,AR:2,10000.0,0.6697901328799621,0.40610838515769343,"[0.2017924934912681, 0.09676446721218171, 0.5232773176703477, 1.857326253146051]"
sheet1_to_sheet2,AR:2,1000000.0,0.6697960328738721,0.40610241732368946,"[0.20179927897423144, 0.09676123582366554, 0.5233159706757882, 1.8573076460218032]"
sheet1_to_sheet2,AR:5,1e-06,0.6348156704362364,0.2250842395635576,"[0.02993168505482212, 0.6735764329001654, 0.7174774383846466, 1.1182771254053114]"
sheet1_to_sheet2,AR:5,0.0001,0.6402934882761047,0.22824346684834718,"[0.03244288011061197, 0.6728275027641317, 0.7168765065040499, 1.139027063725625]"
sheet1_to_sheet2,AR:5,0.01,0.6418516106427776,0.23716808794328778,"[0.04008335688180905, 0.6330789755076193, 0.695723621926149, 1.1985204882555334]"
sheet1_to_sheet2,AR:5,1.0,0.6484573051286967,0.37471974103367495,"[0.14169914949026394, 0.23312159032493912, 0.46508881743031016, 1.7539196632692735]"
sheet1_to_sheet2,AR:5,100.0,0.6731963290693905,0.396610783668824,"[0.18296120974372324, 0.11113733983408786, 0.5757653450851125, 1.8229214216146385]"
sheet1_to_sheet2,AR:5,10000.0,0.6760023271736817,0.396741429629457,"[0.1858818945020282, 0.10821995691688836, 0.5858127450588411, 1.824094712216969]"
sheet1_to_sheet2,AR:5,1000000.0,0.67603340781807,0.39674276271515035,"[0.18591372657775723, 0.10819181374645849, 0.5859197758851874, 1.8241083150628767]"
sheet1_to_sheet2,AR:10,1e-06,0.697768286269321,0.24997514566490792,"[0.03506585625348792, 0.7179597323056406, 0.7911438823783593, 1.246903674139796]"
sheet1_to_sheet2,AR:10,0.0001,0.7017155159285813,0.2512310635645385,"[0.036300559461643005, 0.7240192074924958, 0.7916097584945849, 1.2549325382656014]"
sheet1_to_sheet2,AR:10,0.01,0.6995243121639501,0.24964263459580233,"[0.033204855239178696, 0.7283750856889388, 0.7948082196195094, 1.2417090881081732]"
sheet1_to_sheet2,AR:10,1.0,0.6548455053423121,0.2858221456415873,"[0.05523410495810311, 0.48259632438194855, 0.657863536521049, 1.4236880555081475]"
sheet1_to_sheet2,AR:10,100.0,0.673049072554644,0.3776262230205944,"[0.13224349688682635, 0.1399021117706809, 0.6819082164551561, 1.7381424651059125]"
sheet1_to_sheet2,AR:10,10000.0,0.6808286904188692,0.3831420627319749,"[0.14046250056001136, 0.12496285046444607, 0.6999223522774263, 1.7579670583735931]"
sheet1_to_sheet2,AR:10,1000000.0,0.6809222059034239,0.3832019992178241,"[0.14055812558406097, 0.12481356838354354, 0.700126949535287, 1.7581901801108042]"
sheet1_to_sheet2,AR:20,1e-06,0.8981143358564616,0.4166333560132699,"[0.055032518100387305, 0.7824554581565034, 0.7069459255208208, 2.0480234416481347]"
sheet1_to_sheet2,AR:20,0.0001,0.8975391810984391,0.41047448268564324,"[0.056431398200668455, 0.7818258924881314, 0.7266168044803241, 2.0252826292246326]"
sheet1_to_sheet2,AR:20,0.01,0.8648866400986461,0.36920141790270844,"[0.0545608097608322, 0.7729328480555335, 0.7851881830233713, 1.8468647195548473]"
sheet1_to_sheet2,AR:20,1.0,0.7508211834082632,0.26466507251897914,"[0.0539467993664185, 0.7295880982390754, 0.8900485232952665, 1.329701312732292]"
sheet1_to_sheet2,AR:20,100.0,0.6844889640851948,0.34657292093419795,"[0.0408358088857623, 0.20364663657833995, 0.9607212330731847, 1.5327521778034925]"
sheet1_to_sheet2,AR:20,10000.0,0.6916815028135717,0.36524522846034957,"[0.04844387052033484, 0.1450908683067506, 0.9861898295206851, 1.5870014429065158]"
sheet1_to_sheet2,AR:20,1000000.0,0.691799100396433,0.3654619181014326,"[0.048556464447807146, 0.14447335628399793, 0.9865039578726762, 1.587662622981251]"
sheet1_to_sheet2,AR:40,1e-06,1.133653172222716,0.5861056184650779,"[0.4371736292872231, 0.6574627221927848, 0.553193628666808, 2.8867827087440485]"
sheet1_to_sheet2,AR:40,0.0001,1.1412572367195943,0.5980334535733264,"[0.43516485295932955, 0.6486781648598061, 0.5506095794740925, 2.930576349585149]"
sheet1_to_sheet2,AR:40,0.01,1.111321243558166,0.5753980002740549,"[0.42719089767604496, 0.6073023056040449, 0.5773277305496678, 2.833464040402907]"
sheet1_to_sheet2,AR:40,1.0,0.836894367637888,0.2258703755665327,"[0.31779366328738773, 0.6024672529218037, 1.1695821028936702, 1.2577344514486906]"
sheet1_to_sheet2,AR:40,100.0,0.766249473804714,0.38289558092975,"[0.053005312223246705, 0.22860072370626275, 1.6909937411872566, 1.0923981181020899]"
sheet1_to_sheet2,AR:40,10000.0,0.7609129365634727,0.4008339751564918,"[0.031166731727299824, 0.17032960624978247, 1.7169334742911315, 1.125221933985677]"
sheet1_to_sheet2,AR:40,1000000.0,0.7608819078457598,0.4010313135751418,"[0.030966653730887958, 0.16969868328982032, 1.7172257509643838, 1.1256365433979474]"
sheet1_to_sheet2,STATE:2,1e-06,0.782483360412336,0.18061781280353062,"[0.3829265405654573, 0.6179919621086674, 0.9133531393780766, 1.2156617995971433]"
sheet1_to_sheet2,STATE:2,0.0001,0.7822638149174557,0.18093623206070097,"[0.38212974836756014, 0.6168901750017276, 0.9141868923796249, 1.2158484439209103]"
sheet1_to_sheet2,STATE:2,0.01,0.7654399323003105,0.2087352606264646,"[0.3172600111615005, 0.5269888151765563, 0.9875332586959854, 1.2299776441672]"
sheet1_to_sheet2,STATE:2,1.0,0.7498053470453612,0.38148718984505964,"[0.041330254864884806, 0.18292164429970062, 1.6218195430489768, 1.1531499459678825]"
sheet1_to_sheet2,STATE:2,100.0,0.7607346395896074,0.4008052742379343,"[0.031050774405672426, 0.16982316010263143, 1.716106423294439, 1.1259582005556867]"
sheet1_to_sheet2,STATE:2,10000.0,0.7608801237820162,0.4010310243902857,"[0.030965495180243326, 0.16969361448295314, 1.7172174640532172, 1.1256439214116514]"
sheet1_to_sheet2,STATE:2,1000000.0,0.7608815831949836,0.40103328583469017,"[0.03096464489301442, 0.16969231927211254, 1.717228594650537, 1.12564077396427]"
sheet1_to_sheet2,STATE:4,1e-06,0.948690212307408,0.45130424088369697,"[0.402095036216958, 0.590481229218638, 0.5045179869031508, 2.297666596890885]"
sheet1_to_sheet2,STATE:4,0.0001,0.8780737488108357,0.3019213367035565,"[0.3825370452337952, 0.6151527292221374, 0.7615381619739394, 1.753067058813471]"
sheet1_to_sheet2,STATE:4,0.01,0.782466866380281,0.19438164684753945,"[0.34593312232543677, 0.568007295939578, 1.05816427281623, 1.1577627744398793]"
sheet1_to_sheet2,STATE:4,1.0,0.7424656364333944,0.3625186952339582,"[0.059969611850472844, 0.2030533813188292, 1.5454371273128051, 1.1614024252514703]"
sheet1_to_sheet2,STATE:4,100.0,0.7605375490920934,0.40050809298117623,"[0.031183335526160982, 0.17005942666122625, 1.7148005457074975, 1.1261068884734888]"
sheet1_to_sheet2,STATE:4,10000.0,0.7608781319241174,0.4010280364371883,"[0.030966807874230392, 0.16969598101990013, 1.717204323384075, 1.1256454154182636]"
sheet1_to_sheet2,STATE:4,1000000.0,0.7608815632742957,0.4010332559535371,"[0.030964658018650167, 0.1696923429378694, 1.7172284632356152, 1.125640788905048]"
sheet2_to_sheet1,A0,,0.05653518166123943,0.0,
sheet2_to_sheet1,AR:2,1e-06,0.0318260088725229,0.01038942682132388,"[0.0389011248395373, 0.025940997175596253, 0.05582652009147868, 0.006635393383479355]"
sheet2_to_sheet1,AR:2,0.0001,0.03109805668992796,0.010334638342126048,"[0.03269667655630637, 0.027952314276545372, 0.05705106316238394, 0.006692172764476162]"
sheet2_to_sheet1,AR:2,0.01,0.03081006618591908,0.010609814375662902,"[0.02692918815507176, 0.031085595309749216, 0.058392398628559536, 0.006833082650295802]"
sheet2_to_sheet1,AR:2,1.0,0.036442678919069285,0.013764675055991958,"[0.02926681510235693, 0.03838596792086337, 0.07226014130202599, 0.005857791351030843]"
sheet2_to_sheet1,AR:2,100.0,0.04348308813545286,0.0158620396857436,"[0.036412462904674356, 0.043991985807181846, 0.0851532133277168, 0.008374690502238435]"
sheet2_to_sheet1,AR:2,10000.0,0.04363374076834262,0.01589786416961889,"[0.036576103718378654, 0.04410624160393718, 0.08540480621247036, 0.008447811538584291]"
sheet2_to_sheet1,AR:2,1000000.0,0.04363526410624233,0.015898224953440347,"[0.03657776095729107, 0.044107395964157727, 0.08540734594851213, 0.008448553555008396]"
sheet2_to_sheet1,AR:5,1e-06,0.030908738849751764,0.011176259127260925,"[0.0442189540088178, 0.021077135676879404, 0.05385781674211295, 0.0044810489711969]"
sheet2_to_sheet1,AR:5,0.0001,0.03070881166359953,0.011081922639267711,"[0.0424325065042159, 0.021569568763263807, 0.05441056131929281, 0.004422610067625598]"
sheet2_to_sheet1,AR:5,0.01,0.029986232849722554,0.010653028569472275,"[0.03644877939672862, 0.023415486309070893, 0.05530789249158123, 0.004772773201509465]"
sheet2_to_sheet1,AR:5,1.0,0.031801612493776596,0.012595764616931803,"[0.025565993710211878, 0.031956296243059144, 0.06522664584046342, 0.004457514181371946]"
sheet2_to_sheet1,AR:5,100.0,0.0430534801360367,0.01657457285710069,"[0.03477665177249241, 0.043072462333297055, 0.08714485637841102, 0.007219950059946322]"
sheet2_to_sheet1,AR:5,10000.0,0.04349335100836589,0.01668405983751065,"[0.03521037563853816, 0.04346597569359496, 0.08788007390543928, 0.00741697879589116]"
sheet2_to_sheet1,AR:5,1000000.0,0.04349787251401815,0.016685173720362944,"[0.035214859164373995, 0.04347001155948223, 0.08788759767218064, 0.007419021660035743]"
sheet2_to_sheet1,AR:10,1e-06,0.027675336685037345,0.008890600386520075,"[0.031713524519585354, 0.023330560561234583, 0.04919779393975023, 0.006459467719579212]"
sheet2_to_sheet1,AR:10,0.0001,0.027299771864593037,0.008940292383649306,"[0.031510447074825476, 0.02202240196372621, 0.04919894001421703, 0.006467298405603429]"
sheet2_to_sheet1,AR:10,0.01,0.027042980834215476,0.009126835940959867,"[0.03163410443915943, 0.020353917741504163, 0.04967396804006328, 0.006509933116135038]"
sheet2_to_sheet1,AR:10,1.0,0.026995282618153232,0.01117605268444426,"[0.022330635826312124, 0.02347322238944176, 0.05783910266079301, 0.004338169596066034]"
sheet2_to_sheet1,AR:10,100.0,0.040607520407699854,0.018008083662975915,"[0.026131861077981485, 0.040948570531385974, 0.08999466852195977, 0.005354981499472185]"
sheet2_to_sheet1,AR:10,10000.0,0.04156514385814394,0.01831534678282754,"[0.026779222974809565, 0.042009643633412475, 0.09176935251066345, 0.005702356313690273]"
sheet2_to_sheet1,AR:10,1000000.0,0.04157524647904071,0.018318523710618928,"[0.02678620956798386, 0.04202078892177987, 0.0917878910878587, 0.005706096338540425]"
sheet2_to_sheet1,AR:20,1e-06,0.0345159880925565,0.013781375756492905,"[0.013301983504070861, 0.06135550480831595, 0.055079491046745074, 0.008326973011094155]"
sheet2_to_sheet1,AR:20,0.0001,0.033337994402651706,0.012831738222673398,"[0.014240248970984545, 0.05665207919438203, 0.05423724614196051, 0.008222403303279746]"
sheet2_to_sheet1,AR:20,0.01,0.0316950402329488,0.011270004498704392,"[0.01615039527725504, 0.04813045319119834, 0.05374410551461454, 0.008755206948727287]"
sheet2_to_sheet1,AR:20,1.0,0.028198994225203437,0.011084666238029449,"[0.024913893425592464, 0.022109873978877405, 0.059178980442504546, 0.006593229053839329]"
sheet2_to_sheet1,AR:20,100.0,0.03824393611285687,0.020235257828938223,"[0.01802631681886897, 0.03573393637776592, 0.09565263324204364, 0.0035628580127489693]"
sheet2_to_sheet1,AR:20,10000.0,0.039266564149266145,0.020892781946169503,"[0.017662459269595355, 0.03725486266327045, 0.09844778579160429, 0.003701148872594478]"
sheet2_to_sheet1,AR:20,1000000.0,0.039277681200167086,0.020899775222520792,"[0.01765888567189242, 0.03727136712563819, 0.098477664366545, 0.003702807636592765]"
sheet2_to_sheet1,AR:40,1e-06,0.0391607719431663,0.013526082735710054,"[0.07135253278594073, 0.006202576929085806, 0.04556948380789202, 0.03351849424974665]"
sheet2_to_sheet1,AR:40,0.0001,0.03877419762187148,0.013849167657452041,"[0.07155201332707002, 0.005480564100559381, 0.04673305024435315, 0.031331162815503355]"
sheet2_to_sheet1,AR:40,0.01,0.037466913973325515,0.013377961513418007,"[0.06884950415602521, 0.008663596041338269, 0.04901888674085835, 0.023335668955080213]"
sheet2_to_sheet1,AR:40,1.0,0.04439487570270679,0.015460774692650064,"[0.057807756151333274, 0.03501328237661697, 0.07838188034934962, 0.0063765839335272675]"
sheet2_to_sheet1,AR:40,100.0,0.04351523920792605,0.016847690871556832,"[0.04773806009708616, 0.034591263514113194, 0.08647133511296415, 0.005260298107540689]"
sheet2_to_sheet1,AR:40,10000.0,0.043040413834749894,0.01681358740861537,"[0.046452726681414105, 0.03410468387323729, 0.0863336868903828, 0.005270557893965349]"
sheet2_to_sheet1,AR:40,1000000.0,0.04303512804053757,0.016813211732594178,"[0.046438515048234694, 0.03409929600238936, 0.08633203617687538, 0.00527066493465087]"
sheet2_to_sheet1,STATE:2,1e-06,0.03697438983651788,0.00992734701014357,"[0.056585902772262005, 0.02715966879331357, 0.05015495776321416, 0.013997030017281767]"
sheet2_to_sheet1,STATE:2,0.0001,0.03698674366497207,0.009959174104578127,"[0.0565745279305519, 0.027186214009275664, 0.050294695079707005, 0.013891537640353729]"
sheet2_to_sheet1,STATE:2,0.01,0.038086798673936065,0.011981946896523548,"[0.055088721724104416, 0.029010867784097474, 0.05981383988830957, 0.008433765299232789]"
sheet2_to_sheet1,STATE:2,1.0,0.04276758750564408,0.01661844714628233,"[0.046839419275935025, 0.033888226289300424, 0.0852156676016554, 0.005127036855685444]"
sheet2_to_sheet1,STATE:2,100.0,0.043032276447075295,0.01681119025708467,"[0.046442518895179065, 0.034097057145177405, 0.08632045322206489, 0.005269076525879835]"
sheet2_to_sheet1,STATE:2,10000.0,0.04303504659473748,0.016813187750324674,"[0.0464384128345633, 0.03409921967053344, 0.08633190376860908, 0.005270650105244116]"
sheet2_to_sheet1,STATE:2,1000000.0,0.04303507430909696,0.016813207732545153,"[0.04643837175981054, 0.034099241303488056, 0.086332018315898, 0.005270665857191265]"
sheet2_to_sheet1,STATE:4,1e-06,0.04504913354296592,0.012683391595151774,"[0.06286713562566962, 0.03903119844466102, 0.06659999745674222, 0.01169820264479082]"
sheet2_to_sheet1,STATE:4,0.0001,0.04231494356334564,0.011595806119839748,"[0.05440090871391145, 0.038422399296429065, 0.06485246023108861, 0.011584006011953443]"
sheet2_to_sheet1,STATE:4,0.01,0.03857259334787237,0.011751133423054524,"[0.05626050435559457, 0.02904562023071154, 0.059191757744993204, 0.009792491060190185]"
sheet2_to_sheet1,STATE:4,1.0,0.042488419362307156,0.01642927931874651,"[0.04699401007015116, 0.033662231560599803, 0.08421839638177216, 0.005079039436705519]"
sheet2_to_sheet1,STATE:4,100.0,0.04302909137944867,0.016809097205328416,"[0.04644421181193457, 0.03409454451268317, 0.08630934122268481, 0.00526826797049212]"
sheet2_to_sheet1,STATE:4,10000.0,0.04303501470090795,0.016813166797956493,"[0.046438429779544675, 0.03409919451679057, 0.08633179252482433, 0.005270641982472245]"
sheet2_to_sheet1,STATE:4,1000000.0,0.04303507399015436,0.016813207523019288,"[0.046438371929261944, 0.034099241051947886, 0.08633201720344777, 0.005270665775959819]"
