epoch,train_mse,validation_rmse,penalty_scale,external_support
1,0.398003662109375,0.634104872444466,0.0033333333333333335,"[0, 1, 2, 3, 4, 5, 6, 7, 8, 9]"
5,0.4215292765299479,0.6613028134922855,0.016666666666666666,"[0, 1, 2, 3, 4, 5, 6, 7, 8, 9]"
10,0.4170627644856771,0.6444600339443576,0.03333333333333333,"[0, 1, 2, 3, 4, 5, 6, 7, 8, 9]"
15,0.40833504231770834,0.6403854353897932,0.05,"[0, 1, 2, 3, 4, 5, 6, 7, 8, 9]"
20,0.40327356974283857,0.6371726957344085,0.06666666666666667,"[0, 1, 2, 3, 4, 5, 6, 7, 8, 9]"
25,0.4001901143391927,0.6362095836101055,0.08333333333333333,"[0, 1, 2, 3, 4, 5, 6, 7, 8, 9]"
30,0.3982802327473958,0.6347922350191636,0.1,"[0, 1, 2, 3, 4, 5, 6, 7, 8, 9]"
35,0.39696636962890625,0.6343471457092963,0.11666666666666667,"[0, 1, 2, 3, 4, 5, 6, 7, 8, 9]"
40,0.39600789388020835,0.6337346194355282,0.13333333333333333,"[0, 1, 2, 3, 4, 5, 6, 7, 8, 9]"
45,0.39522974650065107,0.6334493805157451,0.15,"[0, 1, 2, 3, 4, 5, 6, 7, 8, 9]"
50,0.39464627075195313,0.6331923772992865,0.16666666666666666,"[0, 1, 2, 3, 4, 5, 6, 7, 8, 9]"
55,0.39424544270833334,0.6329740341670325,0.18333333333333332,"[0, 1, 2, 3, 4, 5, 6, 7, 8, 9]"
60,0.3939704793294271,0.6328358888424638,0.2,"[0, 1, 2, 3, 4, 5, 6, 7, 8, 9]"
65,0.39370052083333335,0.6325761036076756,0.21666666666666667,"[0, 1, 2, 3, 4, 5, 6, 7, 8, 9]"
70,0.39336864217122397,0.6324113794295856,0.23333333333333334,"[0, 1, 2, 3, 4, 5, 6, 7, 8, 9]"
75,0.3930236612955729,0.6322607065714417,0.25,"[0, 1, 2, 3, 4, 5, 6, 7, 8, 9]"
80,0.3927100830078125,0.632114946366499,0.26666666666666666,"[0, 1, 2, 3, 4, 5, 6, 7, 8, 9]"
85,0.392406494140625,0.6319846533348585,0.2833333333333333,"[0, 1, 2, 3, 4, 5, 6, 7, 8, 9]"
90,0.392095703125,0.6318361488117885,0.3,"[0, 1, 2, 3, 4, 5, 6, 7, 8, 9]"
95,0.39179222615559894,0.6316797346039962,0.31666666666666665,"[0, 1, 2, 3, 4, 5, 6, 7, 8, 9]"
100,0.39149045817057293,0.6315042418082993,0.3333333333333333,"[0, 1, 2, 3, 4, 5, 6, 7, 8, 9]"
105,0.3911820882161458,0.6313042887391696,0.35,"[0, 1, 2, 3, 4, 5, 6, 7, 8, 9]"
110,0.39087359619140627,0.6311026040400816,0.36666666666666664,"[0, 1, 2, 3, 4, 5, 6, 7, 8, 9]"
115,0.39056312052408854,0.6309125122745081,0.38333333333333336,"[0, 1, 2, 3, 4, 5, 6, 7, 8, 9]"
120,0.3902505696614583,0.6307278549050493,0.4,"[0, 1, 2, 3, 4, 5, 6, 7, 8, 9]"
125,0.3899357604980469,0.6305423206764654,0.4166666666666667,"[0, 1, 2, 3, 4, 5, 6, 7, 8, 9]"
130,0.38961781819661456,0.6303584747115129,0.43333333333333335,"[0, 1, 2, 3, 4, 5, 6, 7, 8, 9]"
135,0.389297597249349,0.6301743087621298,0.45,"[0, 1, 2, 3, 4, 5, 6, 7, 8, 9]"
140,0.3889748331705729,0.6299857050167017,0.4666666666666667,"[0, 1, 2, 3, 4, 5, 6, 7, 8, 9]"
145,0.38864943440755206,0.6297916661282598,0.48333333333333334,"[0, 1, 2, 3, 4, 5, 6, 7, 8, 9]"
150,0.38832108561197914,0.629593932060268,0.5,"[0, 1, 2, 3, 4, 5, 6, 7, 8, 9]"
155,0.3879899088541667,0.6293940751671155,0.5166666666666667,"[0, 1, 2, 3, 4, 5, 6, 7, 8, 9]"
160,0.38765589396158856,0.6291926754592447,0.5333333333333333,"[0, 1, 2, 3, 4, 5, 6, 7, 8, 9]"
165,0.38731888834635414,0.6289898770098445,0.55,"[0, 1, 2, 3, 4, 5, 6, 7, 8, 9]"
170,0.38697900390625,0.6287856541984568,0.5666666666666667,"[0, 1, 2, 3, 4, 5, 6, 7, 8, 9]"
175,0.38663607788085935,0.6285793502110285,0.5833333333333334,"[0, 1, 2, 3, 4, 5, 6, 7, 8, 9]"
180,0.38629015096028646,0.6283703559201522,0.6,"[0, 1, 2, 3, 4, 5, 6, 7, 8, 9]"
185,0.38594117228190106,0.6281584500188453,0.6166666666666667,"[0, 1, 2, 3, 4, 5, 6, 7, 8, 9]"
190,0.3855890808105469,0.6279438239563487,0.6333333333333333,"[0, 1, 2, 3, 4, 5, 6, 7, 8, 9]"
195,0.38523382568359377,0.6277267180226849,0.65,"[0, 1, 2, 3, 4, 5, 6, 7, 8, 9]"
200,0.38487522379557293,0.6275074700750581,0.6666666666666666,"[0, 1, 2, 3, 4, 5, 6, 7, 8, 9]"
205,0.3845132141113281,0.6272865400439519,0.6833333333333333,"[0, 1, 2, 3, 4, 5, 6, 7, 8, 9]"
210,0.3841476135253906,0.6270643641579985,0.7,"[0, 1, 2, 3, 4, 5, 6, 7, 8, 9]"
215,0.38377827962239586,0.6268419634708328,0.7166666666666667,"[0, 1, 2, 3, 4, 5, 6, 7, 8, 9]"
220,0.3834048868815104,0.6266211884141257,0.7333333333333333,"[0, 1, 2, 3, 4, 5, 6, 7, 8, 9]"
225,0.3830270792643229,0.6264042574098391,0.75,"[0, 1, 2, 3, 4, 5, 6, 7, 8, 9]"
230,0.3826446940104167,0.6261930020219405,0.7666666666666667,"[0, 1, 2, 3, 4, 5, 6, 7, 8, 9]"
235,0.3822574666341146,0.6259888174014921,0.7833333333333333,"[0, 1, 2, 3, 4, 5, 6, 7, 8, 9]"
240,0.3818650919596354,0.6257916373201576,0.8,"[0, 1, 2, 3, 4, 5, 6, 7, 8, 9]"
245,0.3814672342936198,0.6255985903048426,0.8166666666666667,"[0, 1, 2, 3, 4, 5, 6, 7, 8, 9]"
250,0.38106365966796873,0.6254044833723736,0.8333333333333334,"[0, 1, 2, 3, 4, 5, 6, 7, 8, 9]"
255,0.38065418497721354,0.6252030675967784,0.85,"[0, 1, 2, 3, 4, 5, 6, 7, 8, 9]"
260,0.3802390747070313,0.6249864256338392,0.8666666666666667,"[0, 1, 2, 3, 4, 5, 6, 7, 8, 9]"
265,0.3798189798990885,0.6247480449180344,0.8833333333333333,"[0, 1, 2, 3, 4, 5, 6, 7, 8, 9]"
270,0.37939467366536456,0.6244867521519422,0.9,"[0, 1, 2, 3, 4, 5, 6, 7, 8, 9]"
275,0.3789671630859375,0.6242075053743146,0.9166666666666666,"[0, 1, 2, 3, 4, 5, 6, 7, 8, 9]"
280,0.37853799438476565,0.6239188647218958,0.9333333333333333,"[0, 1, 2, 3, 4, 5, 6, 7, 8, 9]"
285,0.378108154296875,0.6236320234198734,0.95,"[0, 1, 2, 3, 4, 5, 6, 7, 8, 9]"
290,0.37768656412760415,0.6233281349876544,0.9666666666666667,"[0, 1, 2, 3, 4, 5, 6, 7, 8, 9]"
295,0.3772578938802083,0.6230384746690759,0.9833333333333333,"[0, 1, 2, 3, 4, 5, 6, 7, 8, 9]"
300,0.37683680216471355,0.6227324588714092,1.0,"[0, 1, 2, 3, 4, 5, 6, 7, 8, 9]"
305,0.37641102091471357,0.6224308523969752,1.0,"[0, 1, 2, 3, 4, 5, 6, 7, 8, 9]"
310,0.37598570760091143,0.6221234340054005,1.0,"[0, 1, 2, 3, 4, 5, 6, 7, 8, 9]"
315,0.3755565185546875,0.6218102686944839,1.0,"[0, 1, 2, 3, 4, 5, 6, 7, 8, 9]"
320,0.37512574259440107,0.6214939257201403,1.0,"[0, 1, 2, 3, 4, 5, 6, 7, 8, 9]"
325,0.3746919555664063,0.6211737369878394,1.0,"[0, 1, 2, 3, 4, 5, 6, 7, 8, 9]"
330,0.3742591959635417,0.620846452339717,1.0,"[0, 1, 2, 3, 4, 5, 6, 7, 8, 9]"
335,0.3738313191731771,0.620493469744923,1.0,"[0, 1, 2, 3, 4, 5, 6, 7, 8, 9]"
340,0.37340146891276044,0.6201366446258538,1.0,"[0, 1, 2, 3, 4, 5, 6, 7, 8, 9]"
345,0.3729716389973958,0.6197937702389023,1.0,"[0, 1, 2, 3, 4, 5, 6, 7, 8, 9]"
350,0.3725397745768229,0.6194595738014054,1.0,"[0, 1, 2, 3, 4, 5, 6, 7, 8, 9]"
355,0.37210861206054685,0.6191232499533614,1.0,"[0, 1, 2, 3, 4, 5, 6, 7, 8, 9]"
360,0.37167767333984375,0.6187794934574331,1.0,"[0, 1, 2, 3, 4, 5, 6, 7, 8, 9]"
365,0.3712464599609375,0.6184298216741634,1.0,"[0, 1, 2, 3, 4, 5, 6, 7, 8, 9]"
370,0.370817860921224,0.6180710398511925,1.0,"[0, 1, 2, 3, 4, 5, 6, 7, 8, 9]"
375,0.37038948567708335,0.6177065904495156,1.0,"[0, 1, 2, 3, 4, 5, 6, 7, 8, 9]"
380,0.36996341959635415,0.6173490196086155,1.0,"[0, 1, 2, 3, 4, 5, 6, 7, 8, 9]"
385,0.3695365905761719,0.6169989328236061,1.0,"[0, 1, 2, 3, 4, 5, 6, 7, 8, 9]"
390,0.3691112060546875,0.6166517156214731,1.0,"[0, 1, 2, 3, 4, 5, 6, 7, 8, 9]"
395,0.3686884256998698,0.6163011089433197,1.0,"[0, 1, 2, 3, 4, 5, 6, 7, 8, 9]"
400,0.3682679138183594,0.6159511945141738,1.0,"[0, 1, 2, 3, 4, 5, 6, 7, 8, 9]"
405,0.3678491617838542,0.6156061128923824,1.0,"[0, 1, 2, 3, 4, 5, 6, 7, 8, 9]"
410,0.3674326985677083,0.6152596472983988,1.0,"[0, 1, 2, 3, 4, 5, 6, 7, 8, 9]"
415,0.36701753743489585,0.6149164853340223,1.0,"[0, 1, 2, 3, 4, 5, 6, 7, 8, 9]"
420,0.3666058553059896,0.6145737772915266,1.0,"[0, 1, 2, 3, 4, 5, 6, 7, 8, 9]"
425,0.3661952921549479,0.6142350266540895,1.0,"[0, 1, 2, 3, 4, 5, 6, 7, 8, 9]"
430,0.3657889200846354,0.6138960145255796,1.0,"[0, 1, 2, 3, 4, 5, 6, 7, 8, 9]"
435,0.3653843180338542,0.6135608936485797,1.0,"[0, 1, 2, 3, 4, 5, 6, 7, 8, 9]"
440,0.3649826456705729,0.6132276797861128,1.0,"[0, 1, 2, 3, 4, 5, 6, 7, 8, 9]"
445,0.36458412679036456,0.612897496376395,1.0,"[0, 1, 2, 3, 4, 5, 6, 7, 8, 9]"
450,0.3641890462239583,0.6125709461462403,1.0,"[0, 1, 2, 3, 4, 5, 6, 7, 8, 9]"
455,0.3637962341308594,0.6122478853736706,1.0,"[0, 1, 2, 3, 4, 5, 6, 7, 8, 9]"
460,0.36340733846028644,0.6119279954226896,1.0,"[0, 1, 2, 3, 4, 5, 6, 7, 8, 9]"
465,0.36302128092447916,0.6116127282803484,1.0,"[0, 1, 2, 3, 4, 5, 6, 7, 8, 9]"
470,0.36263981119791666,0.6113001940504303,1.0,"[0, 1, 2, 3, 4, 5, 6, 7, 8, 9]"
475,0.3622600809733073,0.6109932938877326,1.0,"[0, 1, 2, 3, 4, 5, 6, 7, 8, 9]"
480,0.36188501993815103,0.6106898874812609,1.0,"[0, 1, 2, 3, 4, 5, 6, 7, 8, 9]"
485,0.36151392618815104,0.6103905800028782,1.0,"[0, 1, 2, 3, 4, 5, 6, 7, 8, 9]"
490,0.36114554850260416,0.6100970531863276,1.0,"[0, 1, 2, 3, 4, 5, 6, 7, 8, 9]"
495,0.36078101603190105,0.609806537905158,1.0,"[0, 1, 2, 3, 4, 5, 6, 7, 8, 9]"
500,0.3604196573893229,0.6095177366885156,1.0,"[0, 1, 2, 3, 4, 5, 6, 7, 8, 9]"
505,0.3600622253417969,0.6092357613359749,1.0,"[0, 1, 2, 3, 4, 5, 6, 7, 8, 9]"
510,0.35971101888020834,0.6089565871225961,1.0,"[0, 1, 2, 3, 4, 5, 6, 7, 8, 9]"
515,0.3593624471028646,0.6086880142017029,1.0,"[0, 1, 2, 3, 4, 5, 6, 7, 8, 9]"
520,0.35901861572265625,0.608422432562535,1.0,"[0, 1, 2, 3, 4, 5, 6, 7, 8, 9]"
525,0.35867940266927084,0.6081633587272728,1.0,"[0, 1, 2, 3, 4, 5, 6, 7, 8, 9]"
530,0.35834529622395833,0.6079094957953239,1.0,"[0, 1, 2, 3, 4, 5, 6, 7, 8, 9]"
535,0.3580140380859375,0.6076564307983788,1.0,"[0, 1, 2, 3, 4, 5, 6, 7, 8, 9]"
540,0.35768765258789065,0.607408787037455,1.0,"[0, 1, 2, 3, 4, 5, 6, 7, 8, 9]"
545,0.3573663736979167,0.6071627763317599,1.0,"[0, 1, 2, 3, 4, 5, 6, 7, 8, 9]"
550,0.35704991658528645,0.6069216187600829,1.0,"[0, 1, 2, 3, 4, 5, 6, 7, 8, 9]"
555,0.35673860677083336,0.606684213461403,1.0,"[0, 1, 2, 3, 4, 5, 6, 7, 8, 9]"
560,0.35643118286132813,0.6064508919328686,1.0,"[0, 1, 2, 3, 4, 5, 6, 7, 8, 9]"
565,0.35612969970703123,0.6062213316755817,1.0,"[0, 1, 2, 3, 4, 5, 6, 7, 8, 9]"
570,0.3558329060872396,0.6059962923547109,1.0,"[0, 1, 2, 3, 4, 5, 6, 7, 8, 9]"
575,0.3555417073567708,0.6057748973986619,1.0,"[0, 1, 2, 3, 4, 5, 6, 7, 8, 9]"
580,0.35525482177734374,0.6055582595127099,1.0,"[0, 1, 2, 3, 4, 5, 6, 7, 8, 9]"
