status,name,group,direction,implementation_status,relative_persistence,relative_AR,test_rows,prediction_sha256,sample_id_sha256,fp64_prediction,selected_parameters,MSE,RMSE,MAE,R2
COMPLETED,K-only,PHYSICS_FIRST_MODELS,sheet1_to_sheet2,STRUCTURAL_CONTROL,-0.06954710275026477,0.23240227211635567,3233,e4c87f9e45a5a95a322dd78724166728f4c96c5b1addd86b648c2cb207539d91,2ca66b33aa363b1f4a68c47dac5f94bf68d714df40c547d455334aafe0b40efc,True,"{""alpha"": 10000.0, ""history_min"": 40.0}",0.10572547451888974,0.32515453944069383,0.256597761123295,-0.07426398303748516
COMPLETED,Residual-AR-only-on-K-residual,PHYSICS_FIRST_MODELS,sheet1_to_sheet2,STRUCTURAL_CONTROL,0.0,0.28231517255311045,3233,fdce59dfe94c1a07b1389fe194d0f3eb0e58396ec47a5999594c9f5534cc4439,2ca66b33aa363b1f4a68c47dac5f94bf68d714df40c547d455334aafe0b40efc,True,"{""alpha"": null, ""exact_zero"": true, ""history_min"": 0.0}",0.09885069507179642,0.3144053038226239,0.24701602321050214,-0.004410166018019579
COMPLETED,K-to-Residual-AR,PHYSICS_FIRST_MODELS,sheet1_to_sheet2,FORMAL_PRIMARY,-0.06954710275026477,0.23240227211635567,3233,e4c87f9e45a5a95a322dd78724166728f4c96c5b1addd86b648c2cb207539d91,2ca66b33aa363b1f4a68c47dac5f94bf68d714df40c547d455334aafe0b40efc,True,"{""K"": {""alpha"": 10000.0, ""history_min"": 40.0}, ""residual_AR"": {""alpha"": null, ""exact_zero"": true, ""history_min"": 0.0}}",0.10572547451888974,0.32515453944069383,0.256597761123295,-0.07426398303748516
COMPLETED,AR-only,PHYSICS_FIRST_MODELS,sheet1_to_sheet2,STRUCTURAL_CONTROL,-0.3933692921409886,0.0,3233,a85921606bff086ea74ad87f681e31b992e5434d1745cfcce5776a8e895616af,2ca66b33aa363b1f4a68c47dac5f94bf68d714df40c547d455334aafe0b40efc,True,"{""alpha"": 0.01, ""history_min"": 10.0}",0.1377355230198337,0.371127367651368,0.2977350037773556,-0.3995142820437405
COMPLETED,AR-to-K,PHYSICS_FIRST_MODELS,sheet1_to_sheet2,STRUCTURAL_CONTROL,-0.4149757558602034,-0.015506631186062103,3233,ec208ac40a6bcb6d450e9294b7aeafff0696162362c33c65d22d378752a8568c,2ca66b33aa363b1f4a68c47dac5f94bf68d714df40c547d455334aafe0b40efc,True,"{""AR"": {""alpha"": 0.01, ""history_min"": 10.0}, ""residual_K"": {""alpha"": 10000.0, ""history_min"": 40.0}}",0.13987133697652163,0.37399376595943634,0.29966851762722785,-0.4212160338550195
COMPLETED,Joint-ARX,PHYSICS_FIRST_MODELS,sheet1_to_sheet2,STRUCTURAL_CONTROL,-0.09456007682949075,0.21445084013037286,3233,ac4ec8dddb886b588593124670e3acec548841583e20f6182d74c91048fbfdde,2ca66b33aa363b1f4a68c47dac5f94bf68d714df40c547d455334aafe0b40efc,True,"{""alpha"": 1.0, ""history_min"": 5.0}",0.10819802439243405,0.3289346810423523,0.2829551736099222,-0.09938726848500479
COMPLETED,Joint-K+AR,PHYSICS_FIRST_MODELS,sheet1_to_sheet2,STRUCTURAL_CONTROL,0.44112884678026354,0.5989066528364493,3233,91966154742e852fbc52724222f8f50658c16a87c74b841a889558ddf1c4bbf2,2ca66b33aa363b1f4a68c47dac5f94bf68d714df40c547d455334aafe0b40efc,True,"{""alpha"": 1.0, ""history_min"": 5.0}",0.055244801951347386,0.23504212803526814,0.1912669440186072,0.4386641322118825
COMPLETED,K-to-Residual-linear-state-space,PHYSICS_FIRST_MODELS,sheet1_to_sheet2,STRUCTURAL_CONTROL,0.0191766308860557,0.29607794958158207,3233,4076f9f8baa22c7f50c09166adbc29fddb7427a42a39b5bd8b0b25cd96d7d296,2ca66b33aa363b1f4a68c47dac5f94bf68d714df40c547d455334aafe0b40efc,True,"{""K"": {""alpha"": 10000.0, ""history_min"": 40.0}, ""state"": {""alpha"": 10.0, ""components"": 2}}",0.09695507177957453,0.31137609378302394,0.2495483592694183,0.014851036993909994
COMPLETED,K-only,PHYSICS_FIRST_MODELS,sheet2_to_sheet1,STRUCTURAL_CONTROL,0.45381242386863285,0.45089898916625704,3130,b8c83e5e4a8b4be172eb9f4bdef0a27711e6259f089c089c0d15173a7b216da8,956fcc32a008c7ea152e4f1954353f3d01eeb45da309aebe46132d8cbf985722,True,"{""alpha"": 1.0, ""history_min"": 40.0}",0.23651092342599064,0.48632388736930315,0.4055648495833463,0.45216718402468004
COMPLETED,Residual-AR-only-on-K-residual,PHYSICS_FIRST_MODELS,sheet2_to_sheet1,STRUCTURAL_CONTROL,0.0,-0.005334128474711264,3130,8a14c2858dd89184b012a707082fa2f16feba547cf8e8656c037e2dab2cd0e06,956fcc32a008c7ea152e4f1954353f3d01eeb45da309aebe46132d8cbf985722,True,"{""alpha"": null, ""exact_zero"": true, ""history_min"": 0.0}",0.43302142663366966,0.6580436358127549,0.5403472978390823,-0.0030122249495421194
COMPLETED,K-to-Residual-AR,PHYSICS_FIRST_MODELS,sheet2_to_sheet1,FORMAL_PRIMARY,0.45381242386863285,0.45089898916625704,3130,b8c83e5e4a8b4be172eb9f4bdef0a27711e6259f089c089c0d15173a7b216da8,956fcc32a008c7ea152e4f1954353f3d01eeb45da309aebe46132d8cbf985722,True,"{""K"": {""alpha"": 1.0, ""history_min"": 40.0}, ""residual_AR"": {""alpha"": null, ""exact_zero"": true, ""history_min"": 0.0}}",0.23651092342599064,0.48632388736930315,0.4055648495833463,0.45216718402468004
COMPLETED,AR-only,PHYSICS_FIRST_MODELS,sheet2_to_sheet1,STRUCTURAL_CONTROL,0.005305826514418799,0.0,3130,83ad526f2f7801a91afb539314144769e23634ddbeae4212073477bd2a79c968,956fcc32a008c7ea152e4f1954353f3d01eeb45da309aebe46132d8cbf985722,True,"{""alpha"": 100.0, ""history_min"": 2.0}",0.4307238900669253,0.6562955813251566,0.5374548170614745,0.002309583907881274
COMPLETED,AR-to-K,PHYSICS_FIRST_MODELS,sheet2_to_sheet1,STRUCTURAL_CONTROL,0.41215848498866625,0.4090228628248269,3130,c154ab341730f1d1d9725b3b0fde9c26d666747e34811ed7f59cab2d8088f2d8,956fcc32a008c7ea152e4f1954353f3d01eeb45da309aebe46132d8cbf985722,True,"{""AR"": {""alpha"": 100.0, ""history_min"": 2.0}, ""residual_K"": {""alpha"": 0.01, ""history_min"": 40.0}}",0.2545479714647055,0.5045274734488752,0.41177458588121135,0.41038777411077243
COMPLETED,Joint-ARX,PHYSICS_FIRST_MODELS,sheet2_to_sheet1,STRUCTURAL_CONTROL,0.5944732632150046,0.592310131501063,3130,2ec88d09c5e7f651a2a76f6f98c91254f98ee06b998f632d47eb3d44e11e4cd7,956fcc32a008c7ea152e4f1954353f3d01eeb45da309aebe46132d8cbf985722,True,"{""alpha"": 0.01, ""history_min"": 5.0}",0.17560176610073536,0.41904864407456965,0.3192601975269365,0.5932517254607544
COMPLETED,Joint-K+AR,PHYSICS_FIRST_MODELS,sheet2_to_sheet1,STRUCTURAL_CONTROL,0.5512674964556559,0.5488738996309716,3130,fa66d4ca90e8f51d58ca6d702ea44ccda7cf1e728d0ac0ac760d72240179f91b,956fcc32a008c7ea152e4f1954353f3d01eeb45da309aebe46132d8cbf985722,True,"{""alpha"": 1.0, ""history_min"": 5.0}",0.1943107888616701,0.44080697460642576,0.3712719842765196,0.5499158132128091
COMPLETED,K-to-Residual-linear-state-space,PHYSICS_FIRST_MODELS,sheet2_to_sheet1,STRUCTURAL_CONTROL,0.5116119005880962,0.5090067757203132,3130,b9db74cdccc7687d62b461670f28865b958a5abdb2586719c849154d5e51ba78,956fcc32a008c7ea152e4f1954353f3d01eeb45da309aebe46132d8cbf985722,True,"{""K"": {""alpha"": 1.0, ""history_min"": 40.0}, ""state"": {""alpha"": 10.0, ""components"": 2}}",0.21148251155824904,0.4598722774404313,0.38123776656342895,0.5101407657699883
COMPLETED,AR-only,PHYSICS_FIRST_MODELS,POOLED,STRUCTURAL_CONTROL,-0.07076269172971505,0.0,6363,,,,DIRECTION_SPECIFIC,0.281858356409335,0.5309033399869839,0.4156546981949718,-0.07097089483985841
COMPLETED,AR-to-K,PHYSICS_FIRST_MODELS,POOLED,STRUCTURAL_CONTROL,0.2543385630869349,0.3036165317746361,6363,,,,DIRECTION_SPECIFIC,0.19628149978463344,0.4430366799539666,0.35481420262407964,0.2541935738829979
COMPLETED,Joint-ARX,PHYSICS_FIRST_MODELS,POOLED,STRUCTURAL_CONTROL,0.4630034454476847,0.4984915343988605,6363,,,,DIRECTION_SPECIFIC,0.14135435183970468,0.37597121145069695,0.30081384481222534,0.4628990298253832
COMPLETED,Joint-K+AR,PHYSICS_FIRST_MODELS,POOLED,STRUCTURAL_CONTROL,0.5302526814090756,0.5612965204903689,6363,,,,DIRECTION_SPECIFIC,0.12365224168564098,0.35164220691725984,0.27981256338168525,0.5301613419802109
COMPLETED,K-only,PHYSICS_FIRST_MODELS,POOLED,STRUCTURAL_CONTROL,0.3539537122612467,0.3966484892230163,6363,,,,DIRECTION_SPECIFIC,0.1700596651646898,0.4123829108543294,0.3298756154184327,0.3538280926001932
COMPLETED,K-to-Residual-AR,PHYSICS_FIRST_MODELS,POOLED,FORMAL_PRIMARY,0.3539537122612467,0.3966484892230163,6363,,,,DIRECTION_SPECIFIC,0.1700596651646898,0.4123829108543294,0.3298756154184327,0.3538280926001932
COMPLETED,K-to-Residual-linear-state-space,PHYSICS_FIRST_MODELS,POOLED,STRUCTURAL_CONTROL,0.4176536384730184,0.4561387261389761,6363,,,,DIRECTION_SPECIFIC,0.15329184476515542,0.3915250244430813,0.3143272127709511,0.4175404048643139
COMPLETED,Residual-AR-only-on-K-residual,PHYSICS_FIRST_MODELS,POOLED,STRUCTURAL_CONTROL,0.0,0.06608625074095975,6363,,,,DIRECTION_SPECIFIC,0.2632313943942329,0.5130608096456334,0.3913075350111396,-0.00019444374720145596
